Movie_Name,Year,IMDB Rating,Genre,Director,Box Office Collection,Budget,Male_Lead,Female_Lead,Production_House,Source_URLs,Search_Status,Release type
Jawan,2023,6.9,Action epic ,Atlee,1159,300,ShahRukh Khan,Nayanthara,Red Chillies Entertainment,https://en.wikipedia.org/wiki/Jawan_(film) | https://www.imdb.com/title/tt15354916/,Complete,Theatrical
Pathaan,2023,5.8,Action Thriller,Siddharth Anand,1052.5,250,ShahRukh Khan,Deepika Padukone,Yash Raj Films,https://en.wikipedia.org/wiki/Pathaan_(film) | https://www.imdb.com/title/tt12844910/,Complete,Theatrical
Animal,2023,6.2,Action Drama,Andy Serkis,917.82,100,Ranbir Kapoor,Rashmika Mandanna,Aniventure The Imaginarium Studios ,https://en.wikipedia.org/wiki/Animal_(2023_Indian_film) | https://www.imdb.com/title/tt13751694/ | https://wise.com/us/currency-converter/usd-to-inr-rate,Complete,Theatrical
Gadar 2,2023,5.1,Period Action Drama,Anil Sharma,691.08,60,Sunny Deol,Ameesha Patel,Zee Studios,https://en.wikipedia.org/wiki/Gadar_2 | https://www.imdb.com/title/tt15441054/,Complete,Theatrical
Dunki,2023,6.5,Comedy-Drama,Rajkumar Hirani,470.6,120,Taapsee Pannu,Taapsee Pannu,Jio Studios Red Chillies Entertainment Rajkumar Hirani Films,https://en.wikipedia.org/wiki/Dunki_(film) | https://www.imdb.com/title/tt15428134/,Complete,Theatrical
Tiger 3,2023,5.6,Action Thriller,Maneesh Sharma,466.63,300,Salman Khan,Katrina Kaif,Yash Raj Films,https://en.wikipedia.org/wiki/Tiger_3 | https://www.imdb.com/title/tt18411490/,Complete,Theatrical
Rocky Aur Rani Kii Prem Kahaani,2023,6.5,Romantic Comedy Family Drama,Karan Johar,355.61,160,Ranveer Singh,Alia Bhatt,Dharma Productions Viacom18 Studios,https://en.wikipedia.org/wiki/Rocky_Aur_Rani_Kii_Prem_Kahaani | https://www.imdb.com/title/tt14993250/,Complete,Theatrical
Adipurush[β],2023,2.6,Mythological Action,Om Raut,365,600,Prabhas,Saif Ali Khan,T-Series Films Retrophiles,https://en.wikipedia.org/wiki/Adipurush | https://www.imdb.com/title/tt12915716/,Complete,Theatrical
The Kerala Story,2023,6.7,Drama,Sudipto Sen,303.97,20,Adah Sharma,Adah Sharma,Sunshine Pictures ,https://en.wikipedia.org/wiki/The_Kerala_Story | https://www.imdb.com/title/tt24268454/,Complete,Theatrical
Tu Jhoothi Main Makkaar,2023,6,Romantic Comedy,Luv Ranjan,221.1,110,Ranbir Kapoor,Shraddha Kapoor,Luv Films T-Series Films,https://en.wikipedia.org/wiki/Tu_Jhoothi_Main_Makkaar | https://www.imdb.com/title/tt8672856/,Complete,Theatrical
Kuttey,2023,5.4,Action Thriller,Aasmaan Bhardwaj,4.65,35,Tabu Arjun Kapoor,Tabu,T-Series Films Luv Films VB Films,https://en.wikipedia.org/wiki/Kuttey | https://www.imdb.com/title/tt15281704/,Complete,Theatrical
Lakadbaggha,2023,6.2,Action Thriller,Victor Mukherjee,0.5,5,Anshuman Jha,Riddhi Dogra,First Ray Films,https://en.wikipedia.org/wiki/Lakadbaggha | https://www.imdb.com/title/tt20319598/ | https://www.bollywoodhungama.com/movie/lakadbaggha/box-office/,Partial - sourced update,Theatrical
Mission Majnu,2023,6.9,Spy Thriller,Shantanu Bagchi,,45,Sidharth Malhotra,Rashmika Mandanna,RSVP Movies Guilty By Association Media,https://en.wikipedia.org/wiki/Mission_Majnu | https://www.imdb.com/title/tt13131232/,Partial,OTT Release
Chhatriwali,2023,6.6,Social Comedy-Drama,Tejas Prabha Vijay Deoskar,,10,Sumeet Vyas,Rakul Preet Singh,RSVP Movies,https://wise.com/us/currency-converter/usd-to-inr-rate,Complete,OTT Release
Gandhi Godse – Ek Yudh,2023,6.6,Historical Fiction,Rajkumar Santoshi,2.5,15,Deepak Antani,,Santoshi Productions LLP,https://en.wikipedia.org/wiki/Gandhi_Godse_%E2%80%93_Ek_Yudh | https://www.imdb.com/title/tt13801462/ | https://www.bollywoodhungama.com/movie/gandhi-godse-ek-yudh/box-office/,Partial - sourced update,Theatrical
Operation Fryday,2023,4,Film,Vishram Sawant,,5,Randeep Hooda,Nitu Chandra,Tutri Ventures,https://en.wikipedia.org/wiki/Operation_Fryday | https://www.imdb.com/title/tt2599878/,Partial,OTT Release
Almost Pyaar with DJ Mohabbat,2023,4.9,Musical Romance Drama,Anurag Kashyap,0.25,15,Karan Mehta,Alaya F,Good Bad Films Zee Studios,https://en.wikipedia.org/wiki/Almost_Pyaar_with_DJ_Mohabbat | https://www.imdb.com/title/tt23472806/,Partial,Theatrical
Faraaz,2023,5,,Hansal Mehta,0.9,10,Zahan Kapoor,Juhi Babbar,T-Series Benaras Media Works Mahana Films,https://en.wikipedia.org/wiki/Faraaz_(film) | https://www.imdb.com/title/tt15175188/ | https://www.bollywoodhungama.com/movie/faraaz/box-office/,Partial - sourced update,Theatrical
Shiv Shastri Balboa,2023,,Comedy Drama,Ajayan Venugopalan,0.6,8,Anupam Kher,Neena Gupta,,https://en.wikipedia.org/wiki/Shiv_Shastri_Balboa | https://www.bollywoodhungama.com/movie/shiv-shastri-balboa/box-office/,Partial - sourced update,Theatrical
The Tenant[γ],2023,6.2,,Sushrut Jain,0.2,5,,Shamita Shetty,Mad Coolie Productions,https://en.wikipedia.org/wiki/The_Tenant_(2023_film) | https://www.imdb.com/title/tt8404998/,Partial,Theatrical
Lost,2023,5.7,Thriller,Paul Greengrass,,12,,Pia Bajpiee,Apple Studios Blumhouse Productions Comet Pictures,https://en.wikipedia.org/wiki/Lost_(2023_film) | https://www.imdb.com/title/tt15048606/,Partial,OTT Release
Shehzada,2023,4.4,Action Comedy,Rohit Dhawan,47.5,75,Kartik Aaryan,Kriti Sanon,T-Series Films Allu Entertainment Haarika & Hassine Creations Brat Films,https://en.wikipedia.org/wiki/Shehzada_(2023_film) | https://www.imdb.com/title/tt13130948/,Complete,Theatrical
Selfiee,2023,5.7,Comedy-Drama,Raj Mehta,23.6,90,Akshay Kumar,,Dharma Productions Cape of Good Films Prithviraj Productions Magic Frames,https://en.wikipedia.org/wiki/Selfiee | https://www.imdb.com/title/tt15516726/,Partial,Theatrical
Rabia & Olivia,2023,6.8,Drama,Shadab Khan,,4,,Sheeba Chadha,Synchron Entertainment,https://en.wikipedia.org/wiki/Rabia_%26_Olivia | https://www.imdb.com/title/tt10481990/,Partial,OTT Release
Gulmohar,2023,7.6,Family Drama,Rahul V. Chittella,,15,Manoj Bajpayee,Sharmila Tagore,Star Studios Chalkboard Entertainment Autonomous Works,https://en.wikipedia.org/wiki/Gulmohar_(2023_film) | https://www.imdb.com/title/tt18951176/,Partial,OTT Release
InCar,2023,5.8,Road Crime,Harsh Warrdhan,0.4,6,Manish Jhanjholia,Ritika Singh,,https://en.wikipedia.org/wiki/InCar | https://www.imdb.com/title/tt26744173/ | https://www.bollywoodhungama.com/movie/incar/box-office/,Partial - sourced update,Theatrical
Mrs. Chatterjee vs Norway,2023,7.3,Legal Drama,Ashima Chibber,36.53,25,Anirban Bhattacharya,Rani Mukerji,Emmay Entertainment Zee Studios,https://en.wikipedia.org/wiki/Mrs._Chatterjee_vs_Norway | https://www.imdb.com/title/tt14295590/,Complete,Theatrical
Zwigato,2023,6.6,,Nandita Das,2.2,12,Kapil Sharma,Shahana Goswami,Applause Entertainment Nandita Das Initiatives,https://en.wikipedia.org/wiki/Zwigato | https://www.imdb.com/title/tt21998526/,Partial,Theatrical
Am I Next,2023,5.2,Crime,Rahat Kazmi [ 1 ],,3,,Anushka Sen,Rahat Kazmi Film Studios Loop Pool Films and Piku Art's (Singapore),https://en.wikipedia.org/wiki/Am_I_Next | https://www.imdb.com/title/tt15378284/,Partial,OTT Release
Chor Nikal Ke Bhaga,2023,7.2,Hindi Heist Thriller,Ajay Singh,,20,Sunny Kaushal,Yaami gautham,Maddock Films,https://en.wikipedia.org/wiki/Chor_Nikal_Ke_Bhaga | https://www.imdb.com/title/tt22297828/,Partial,OTT Release
Bheed,2023,6.5,Social Drama,Anubhav Sinha,3.33,25,Rajkummar Rao,Bhumi Pednekar,Benaras Media Works,https://en.wikipedia.org/wiki/Bheed | https://www.imdb.com/title/tt15680228/,Partial,Theatrical
Operation Mayfair,2023,6,,Chris Weitz,0.3,8,,,Metro-Goldwyn-Mayer Pictures Automatik Entertainment,https://en.wikipedia.org/wiki/List_of_Hindi_films_of_2023 | https://www.imdb.com/title/tt22932536/ | https://wise.com/us/currency-converter/usd-to-inr-rate,Partial,Theatrical
Kanjoos Makhichoos,2023,6.6,Comedy,Vipul Mehta,,10,Kunal Khemu,Shweta Tripathi,Soham Rockstar Entertainment ThunderSky Entertainment,https://en.wikipedia.org/wiki/Kanjoos_Makhichoos | https://www.imdb.com/title/tt15717242/,Partial,OTT Release
Bholaa,2023,5.8,Action Thriller,Ajay Devgn,111.64,100,Ajay Devgn ,Tabu,T-Series Films Devgn Films Reliance Entertainment Dream Warrior Pictures,https://en.wikipedia.org/wiki/Bholaa | https://www.imdb.com/title/tt15302222/,Complete,Theatrical
Gaslight,2023,5.8,Mystery - Thriller,Pavan Kirpalani,,25,Vikrant Massey,Sara Ali Khan,Tips Industries 12th Street Entertainment,https://en.wikipedia.org/wiki/Gaslight_(2023_film) | https://www.imdb.com/title/tt27012110/,Partial,OTT Release
Gumraah,2023,6.5,Action Thriller,Vardhan Ketkar,10.8,25,Aditya Roy Kapur,Mrunal Thakur,T-Series Films,https://en.wikipedia.org/wiki/Gumraah_(2023_film) | https://www.imdb.com/title/tt11905536/,Complete,Theatrical
Mrs. Undercover,2023,5.6,Spy Comedy,Anushree Mehta,,12, Rajesh Sharma,Radhika Apte,B4U Motion Pictures Jaadugar Films Knight Sky Movies,https://en.wikipedia.org/wiki/Mrs_Undercover | https://www.imdb.com/title/tt14339846/,Partial,OTT Release
Sir Madam Sarpanch,2023,5.2,,Praveen Morchhale,0.15,3,Ajay Chourey,Seema Biswas,Suncal Productions International,https://en.wikipedia.org/wiki/Sir_Madam_Sarpanch | https://www.imdb.com/title/tt22033500/ | https://www.bollywoodhungama.com/movie/sir-madam-sarpanch/box-office/,Partial - sourced update,Theatrical
Pinky Beauty Parlour,2023,6.1,,Ram Narayan,0.1,4,Vishwak Sen,,Shine Screens,https://en.wikipedia.org/wiki/Pinky_Beauty_Parlour | https://www.imdb.com/title/tt5589660/,Partial,Theatrical
Kisi Ka Bhai Kisi Ki Jaan,2023,3.9,Action Comedy,Farhad Samji,182.44,140,Salman Khan,Pooja Hegde,Salman Khan Films,https://en.wikipedia.org/wiki/Kisi_Ka_Bhai_Kisi_Ki_Jaan | https://www.imdb.com/title/tt3679040/,Complete,Theatrical
Bad Boy,2023,6.4,Romantic Comedy,Jan Komasa,0.8,15,,,Recorded Picture Company Skopia Film,https://en.wikipedia.org/wiki/Bad_Boy_(2023_film) | https://www.imdb.com/title/tt10351180/ | https://wise.com/us/currency-converter/usd-to-inr-rate,Partial,Theatrical
U-Turn,2023,6.2,Supernatural Thriller,Arif Khan,,10, Priyanshu,Alaya F,Balaji Telefilms,https://en.wikipedia.org/wiki/U-Turn_(2023_film) | https://www.imdb.com/title/tt14988886/,Partial,OTT Release
Mother Teresa & Me,2023,4.8,,Kamal Musale,0.5,10,,Banita Sandhu,,https://en.wikipedia.org/wiki/Mother_Teresa_%26_Me | https://www.imdb.com/title/tt11228826/,Partial,Theatrical
Afwaah,2023,5.7,Mystery Thriller,Sudhir Mishra,1.1,15,Nawazuddin Siddiqui,Bhumi Pednekar,Benaras Media Works,https://en.wikipedia.org/wiki/Afwaah | https://www.imdb.com/title/tt15832148/ | https://www.bollywoodhungama.com/movie/afwaah/box-office/,Partial - sourced update,Theatrical
Chatrapathi,2023,4,Action Drama,V. V. Vinayak,3,50,Bellamkonda Sai Sreenivas,Nushrat Bharucha,Pen Studios,https://en.wikipedia.org/wiki/Chatrapathi_(2023_film) | https://www.imdb.com/title/tt13545522/,Partial,Theatrical
Music School,2023,6,Musical,R. K. Vidyadharan,1.5,25,Yogi Babu,Shriya Saran,Quantum Film Factory,https://en.wikipedia.org/wiki/Music_School_(film) | https://www.imdb.com/title/tt11680920/ | https://www.bollywoodhungama.com/movie/music-school/box-office/,Partial - sourced update,Theatrical
IB71,2023,7.1,Spy Thriller,Sankalp Reddy,29.18,28,Vidyut Jammwal Vishal,,T-Series Reliance Entertainment Action Hero Films,https://en.wikipedia.org/wiki/IB71 | https://www.imdb.com/title/tt15073166/,Partial,Theatrical
Kathal,2023,6.7,Social- Satirical Comedy Thriller,Yashowardhan Mishra,,15,Anant V Joshi,Sanya Malhotra,Balaji Motion Pictures Sikhya Entertainment,https://en.wikipedia.org/wiki/Kathal_(film) | https://www.imdb.com/title/tt18413766/,Partial,OTT Release
Aazam,2023,6,Hindi Language,Shravan Tiwari,1.2,10,Abhimanyu Singh,Jimmy Sheirgill,BMX Motion Pictures,https://en.wikipedia.org/wiki/Aazam | https://www.imdb.com/title/tt22932536/,Partial,Theatrical
8 A.M. Metro,2023,7.7,Drama,Raj Rachakonda,1.1,6,Gulshan Devaiah,Saiyami Kher,Studio 99,https://en.wikipedia.org/wiki/8_A.M._Metro | https://www.imdb.com/title/tt27511275/,Partial,Theatrical
Kacchey Limbu,2023,6.3,,Shubham Yogi,,8,Rajat Barmecha,Radhika Madan,Jio Studios Mango People Media,https://en.wikipedia.org/wiki/Kacchey_Limbu | https://www.imdb.com/title/tt21387380/,Partial,OTT Release
Sirf Ek Bandaa Kaafi Hai,2023,8,Legal Drama,Apoorv Singh Karki,,20,Manoj Bajpayee,Adrija Sinha,Bhanushali Studios Limited Zee Studios,https://en.wikipedia.org/wiki/Sirf_Ek_Bandaa_Kaafi_Hai | https://www.imdb.com/title/tt24485052/ | https://www.bollywoodhungama.com/movie/sirf-ek-bandaa-kaafi-hai/box-office/,Partial - sourced update,OTT Release
Jogira Sara Ra Ra,2023,6.4,Romantic Comedy,Kushan Nandy,2.3,18,Nawazuddin Siddiqui,Neha Sharma,Touchwood Multimedia Creations,https://en.wikipedia.org/wiki/Jogira_Sara_Ra_Ra | https://www.imdb.com/title/tt12862042/,Complete,Theatrical
Coat,2023,7.7,Drama,Adrian Grünberg,0.2,4,,Sonal Jha,Aanaxion Studio 828 Productions,https://en.wikipedia.org/wiki/Coat_(film) | https://www.imdb.com/title/tt9313004/ | https://wise.com/us/currency-converter/usd-to-inr-rate,Partial,Theatrical
Zara Hatke Zara Bachke,2023,5.9,,Laxman Utekar,115.89,40,Vicky Kaushal,Sara Ali Khan,Maddock Films Jio Studios,https://en.wikipedia.org/wiki/Zara_Hatke_Zara_Bachke | https://www.imdb.com/title/tt15576460/,Partial,Theatrical
Mumbaikar,2023,,Action Thriller,Santosh Sivan,,15,Vikrant Massey,Tanya Maniktala,HR Pictures Jio Studios,https://en.wikipedia.org/wiki/Mumbaikar_(film) | https://www.imdb.com/title/tt13761198/,Partial,OTT Release
Bloody Daddy,2023,6.5,Action Thriller,Ali Abbas Zafar,,75,Shahid Kapoor,Diana Penty,Jio Studios AAZ Films Offside Entertainment Sradvn Production,https://en.wikipedia.org/wiki/Bloody_Daddy | https://www.imdb.com/title/tt27501039/,Partial,OTT Release
I Love You,2023,5.3,Romantic Thriller,Nikhil Mahajan,,12,Pavail Gulati,Rakul Preet Singh,Jio Studios Athena Production,https://en.wikipedia.org/wiki/I_Love_You_(2023_film) | https://www.imdb.com/title/tt27930156/,Partial,OTT Release
1920: Horrors of the Heart,2023,2.7,Horror,Krishna Bhatt,18.15,10,Rahul Dev,Avika Gor,VSB Production Anand Pandit Motion Pictures,https://en.wikipedia.org/wiki/1920%3A_Horrors_of_the_Heart | https://www.imdb.com/title/tt25403492/ | https://en.wikipedia.org/wiki/1920:_Horrors_of_the_Heart,Partial - sourced update,Theatrical
Tiku Weds Sheru,2023,3.4,Satirical Romance Comedy-Drama,Sai Kabir,,20,Nawazuddin Siddiqui,Avneet Kaur,Manikarnika Films,https://en.wikipedia.org/wiki/Tiku_Weds_Sheru | https://www.imdb.com/title/tt15891396/,Partial,OTT Release
Aseq,2023,6,,,,5,,,,https://en.wikipedia.org/wiki/List_of_Hindi_films_of_2023 | https://www.imdb.com/title/tt22932536/,Partial,OTT Release
Satyaprem Ki Katha,2023,6.6,Romantic Drama,Sameer Vidwans,117.77,60,Kartik Aaryan,Kiara Advani,Nadiadwala Grandson Entertainment Namah Pictures,https://en.wikipedia.org/wiki/Satyaprem_Ki_Katha | https://www.imdb.com/title/tt14914988/,Complete,Theatrical
Lust Stories 2,2023,5.7,Anthology,R. Balki Konkona Sen Sharma Amit Ravindernath Sharma Sujoy Ghosh,,25,Tamannaah Bhatia,Mrunal Thakur,RSVP Movies Flying Unicorn Entertainment Hope Productions The Vermillion World Chrome Pictures,https://en.wikipedia.org/wiki/Lust_Stories_2 | https://www.imdb.com/title/tt27989067/,Partial,OTT Release
Sergeant,2023,3.9,Thriller,Prawaal Raman,,10,Randeep Hooda,,JAR Pictures Jio Studios,https://en.wikipedia.org/wiki/Sergeant_(film) | https://www.imdb.com/title/tt28152747/,Partial,OTT Release
Neeyat,2023,5.3,Mystery,Anu Menon,7.4,35,Ram Kapoor,Vidya Balan,Abundantia Entertainment Amazon Studios,https://en.wikipedia.org/wiki/Neeyat_(2023_film) | https://www.imdb.com/title/tt21908676/,Partial,Theatrical
Tarla,2023,6.8,,Piyush Gupta,,12,Sharib Hashmi,Huma Qureshi,RSVP Movies Earthsky,https://en.wikipedia.org/wiki/Tarla | https://www.imdb.com/title/tt27816768/,Partial,OTT Release
Blind,2023,4.1,Crime Thriller,Rakesh Varma,,20,Naveen Chandra,Sonam Kapoor,Mango Mass Media,https://en.wikipedia.org/wiki/Blind_(2023_film) | https://www.imdb.com/title/tt5316648/,Partial,OTT Release
72 Hoorain,2023,6.9,,Sanjay Puran Singh Chauhan,1.8,10,Saru Maini ,,Saarthie Entertainment Aliens Pictures,https://en.wikipedia.org/wiki/72_Hoorain | https://www.imdb.com/title/tt13491678/ | https://www.bollywoodhungama.com/movie/72-hoorain/box-office/,Partial - sourced update,Theatrical
Ishq-e-Nadaan,2023,6.5,Romantic Drama,Avishek Ghosh,,8,Lara Dutta,Lara Dutta,Jio Studios AVMA Media,https://en.wikipedia.org/wiki/Ishq-e-Nadaan | https://www.imdb.com/title/tt20872920/,Partial,OTT Release
Bawaal,2023,6.6,Adventure Romance Drama,Nitesh Tiwari,,90,Varun Dhawan,Jhansi Kapoor,Nadiadwala Grandson Entertainment Earthsky Pictures,https://en.wikipedia.org/wiki/Bawaal | https://www.imdb.com/title/tt19755170/,Partial,OTT Release
Trial Period,2023,7,Drama,Michael Samuels,,12,,Genelia Deshmukh,Adorable Media,https://en.wikipedia.org/wiki/Trial_Period | https://www.imdb.com/title/tt28282716/,Partial,OTT Release
Minus 31: The Nagpur Files,2023,6,,Pratik Moitro,0.25,4,Rucha Inamdar,,Orangepixel Studios,https://en.wikipedia.org/wiki/List_of_Hindi_films_of_2023 | https://www.imdb.com/title/tt22932536/,Partial,Theatrical
Ajmer 92,2023,8,Crime Drama,Pushpendra Singh,1.5,8,Rajesh Sharma,Zarina Wahab,U&K Films Entertainment Sumit Motion Pictures,https://en.wikipedia.org/wiki/Ajmer_92 | https://www.imdb.com/title/tt27862531/,Partial,Theatrical
One Friday Night,2023,5.1,,Manish Gupta,,6,Milind Soman,Raveena Tandon,Jio Studios Click On RM,https://en.wikipedia.org/wiki/One_Friday_Night | https://www.imdb.com/title/tt17425020/,Partial,OTT Release
Panch Kriti,2023,7.6,Drama,Sannjoy Bhargv,0.3,5,Brijendra Kala Tanmay,,Ubon Vision Pvt Ltd,https://en.wikipedia.org/wiki/Panch_Kriti | https://www.imdb.com/title/tt27957668/,Partial,Theatrical
Lafzon Mein Pyaar,2023,,Hindi -Language,Dhiraj Mishra Raja Randeep Giri,0.15,4,,Anita Raj,,https://en.wikipedia.org/wiki/Lafzon_Mein_Pyaar | https://www.imdb.com/title/tt27759807/ | https://www.bollywoodhungama.com/movie/lafzon-mein-pyaar/box-office/,Partial - sourced update,Theatrical
OMG 2,2023,7.5,Comedy-Drama,Amit Rai,221.08,50,Akshay Kumar,,Cape of Good Films Viacom18 Studios Wakaoo Films,https://en.wikipedia.org/wiki/OMG_2 | https://www.imdb.com/title/tt15732324/,Partial,Theatrical
Ghoomer,2023,,Sports Drama,R. Balki,4.9,20,Abhishek Bachchan,Saiyami Kher,Hope Film Makers Saraswati Entertainment Amitabh Bachchan Corporation,https://en.wikipedia.org/wiki/Ghoomer | https://www.imdb.com/title/tt20913276/,Partial,Theatrical
Non Stop Dhamaal,2023,4.7,Comedy,Irshad Khan,0.4,8,Annu Kapoor,,Triyom Films,https://en.wikipedia.org/wiki/Non_Stop_Dhamaal | https://www.imdb.com/title/tt28364203/,Partial,Theatrical
Dream Girl 2,2023,5.2,Comedy-Drama,Raaj Shaandilyaa,140.56,35,Ayushman Khurana,Ananya Panday,Balaji Motion Pictures,https://en.wikipedia.org/wiki/Dream_Girl_2 | https://www.imdb.com/title/tt22086334/,Complete,Theatrical
Akelli,2023,6,Action-Thriller,Pranay Meshram,1.25,12,Rajesh Jais,Nushrratt Bharuccha,Dashami Studioz,https://en.wikipedia.org/wiki/Akelli | https://www.imdb.com/title/tt22892546/,Partial,Theatrical
Goldfish,2023,6.2,Drama,Pushan Kripalani,0.4,5,Deepti Naval,Kalki Koechlin,Splendid Films,https://en.wikipedia.org/wiki/Goldfish_(film) | https://www.imdb.com/title/tt13449254/ | https://www.bollywoodhungama.com/movie/goldfish/box-office/,Partial - sourced update,Theatrical
Friday Night Plan,2023,6.6,Coming-Of-Age Comedy-Drama,Vatsal Neelakantan,,15,Babil Khan,Juhi Chawla,Excel Entertainment,https://en.wikipedia.org/wiki/Friday_Night_Plan | https://www.imdb.com/title/tt28568397/,Partial,OTT Release
Mystery of the Tattoo,2023,8.1,Psychological Thriller,Kalaiarasi Sathappan Ganesh Mahadevan,0.2,6,Arjun Rampal,Daisy Shah,"Kashish Khan Production, Tattoo Film Production",https://en.wikipedia.org/wiki/Mystery_of_the_Tattoo | https://www.imdb.com/title/tt15180374/ | https://www.bollywoodhungama.com/movie/mystery-of-the-tattoo/box-office/,Partial - sourced update,Theatrical
Love All,2023,7.3,Sports Drama,Sudhanshu Sharma,0.6,8,Kay Kay Menon,Shriswara,Filmart Productions L6F Studios Anand Pandit Motion Pictures,https://en.wikipedia.org/wiki/Love_All_(2023_film) | https://www.imdb.com/title/tt9511468/ | https://www.bollywoodhungama.com/movie/love-all/box-office/,Partial - sourced update,Theatrical
Haddi,2023,5.5,Crime Drama,Akshat Ajay Sharma,,20,Nawazuddin Siddiqui,Ila Arun,Zee Studios,https://en.wikipedia.org/wiki/Haddi | https://www.imdb.com/title/tt22188452/,Partial,OTT Release
Jaane Jaan,2023,7,Mystery Thriller,Sujoy Ghosh,,40,Jaideep Ahlawat,Kareena Kapoor Khan,Balaji Motion Pictures 12th Street Entertainment Northern Lights Films Kross Pictures Boundscript Miracle Pictures,https://en.wikipedia.org/wiki/Jaane_Jaan_(2023_film) | https://www.imdb.com/title/tt15748830/,Partial,OTT Release
The Great Indian Family,2023,5.6,Comedy Drama,Vijay Krishna Acharya,7.5,40,Vicky Kaushal,Manushi Chhillar,Yash Raj Films,https://en.wikipedia.org/wiki/The_Great_Indian_Family | https://www.imdb.com/title/tt18561736/,Complete,Theatrical
Sukhee,2023,6,Comedy Drama,Sonal Joshi,2.1,20,Amit Sadh,Shilpa Shetty,Abundantia Entertainment T-Series Films,https://en.wikipedia.org/wiki/Sukhee | https://www.imdb.com/title/tt18266472/,Partial,Theatrical
The Purvanchal Files,2023,6,,,0.25,5,,,,https://en.wikipedia.org/wiki/List_of_Hindi_films_of_2023 | https://www.imdb.com/title/tt22932536/ | https://www.bollywoodhungama.com/movie/the-purvanchal-files/box-office/,Partial - sourced update,Theatrical
The Rise Of Sudarshan Chakra,2023,6,,,0.1,4,,,,https://en.wikipedia.org/wiki/List_of_Hindi_films_of_2023 | https://www.imdb.com/title/tt22932536/,Partial,Theatrical
The Vaccine War,2023,7.1,Medical Docudrama,Vivek Agnihotri,14.4,12,Anupam Kher,Pallavi Joshi,I Am Buddha Entertainment and Media LLP,https://en.wikipedia.org/wiki/The_Vaccine_War | https://www.imdb.com/title/tt23554840/,Complete,Theatrical
Fukrey 3,2023,5.5,Comedy,Mrighdeep Singh Lamba,128.37,40,Pulkit Samrat,Richa Chadha,Excel Entertainment,https://en.wikipedia.org/wiki/Fukrey_3 | https://www.imdb.com/title/tt26445483/,Partial,Theatrical
Pyaar Hai Toh Hai,2023,7,Hindi -Language,Pradeep R.K. Chaudhary,0.2,5,Rohit Chaudhary,,Shreetara Cinevision Pvt Ltd,https://en.wikipedia.org/wiki/Pyaar_Hai_Toh_Hai | https://www.imdb.com/title/tt28549549/ | https://www.bollywoodhungama.com/movie/pyaar-hai-toh-hai/box-office/,Partial - sourced update,Theatrical
Dvand: The Internal Conflict,2023,6,,Ishtiyak Khan,0.15,3,Sanjay Mishra ,,Jumping Tomato Studios Vsquare Films,https://en.wikipedia.org/wiki/List_of_Hindi_films_of_2023 | https://www.imdb.com/title/tt22932536/,Partial,Theatrical
Tumse Na Ho Payega,2023,7.6,Comedy-Drama,Abhishek Sinha,,15,Ishwak Singh,Mahima Makwana,Star Studios RSVP Movies Roy Kapur Films Earthsky Pictures,https://en.wikipedia.org/wiki/Tumse_Na_Ho_Payega_(2023_film) | https://www.imdb.com/title/tt20754156/,Partial,OTT Release
Dono,2023,5.2,Romantic Drama,Avnish S. Barjatya,1.8,20,,,Rajshri Productions Jio Studios,https://en.wikipedia.org/wiki/Dono_(film) | https://www.imdb.com/title/tt27802487/,Partial,Theatrical
Khufiya,2023,6.1,Spy Thriller,Vishal Bhardwaj,,35,Ali Fazal,Tabu,VB Pictures,https://en.wikipedia.org/wiki/Khufiya | https://www.imdb.com/title/tt15433600/,Partial,OTT Release
Mission Raniganj,2023,7.2,Disaster Thriller,Tinu Suresh Desai,46,55,Akshay Kumar ,Parineeti Chopra,Pooja Entertainment AK Productions,https://en.wikipedia.org/wiki/Mission_Raniganj | https://www.imdb.com/title/tt21262240/,Complete,Theatrical
Thank You for Coming,2023,4.1,Sex Comedy,Karan Boolani,9.7,25,,Bhumi Pednekar,Balaji Motion Pictures Anil Kapoor Films & Communication Network,https://en.wikipedia.org/wiki/Thank_You_for_Coming | https://www.imdb.com/title/tt23036080/,Partial,Theatrical
Yaatris,2023,6.2,Comedy Drama,Harish Vyas,0.3,6,Raghubir Yadav,Seema Pahwa,Akion Entertainment,https://en.wikipedia.org/wiki/Yaatris | https://www.imdb.com/title/tt28717574/ | https://www.bollywoodhungama.com/movie/yaatris/box-office/,Partial - sourced update,Theatrical
Dhak Dhak,2023,6.3,Road Adventure Drama,Tarun Dudeja,2.45,15,,Ratna Pathak Shah,BLM Pictures Outsider Films Productions Viacom18 Studios,https://en.wikipedia.org/wiki/Dhak_Dhak | https://www.imdb.com/title/tt27330026/ | https://www.bollywoodhungama.com/movie/dhak-dhak/box-office/,Partial - sourced update,Theatrical
Guthlee Ladoo,2023,7.5,Drama,Ishrat R Khan,0.4,5,Sanjay Mishra,,UV Films,https://en.wikipedia.org/wiki/Guthlee_Ladoo | https://www.imdb.com/title/tt13859494/ | https://www.bollywoodhungama.com/movie/guthlee-ladoo/box-office/,Partial - sourced update,Theatrical
Darran Chhoo,2023,6,,,0.15,4,,,,https://en.wikipedia.org/wiki/List_of_Hindi_films_of_2023 | https://www.imdb.com/title/tt22932536/ | https://www.bollywoodhungama.com/movie/darran-chhoo/box-office/,Partial - sourced update,Theatrical
Bhagwan Bharose,2023,6.7,,Shiladitya Bora,0.35,5,Vinay Pathak,Masumeh Makhija,Platoon One Films,https://en.wikipedia.org/wiki/Bhagwan_Bharose | https://www.imdb.com/title/tt15360286/ | https://www.bollywoodhungama.com/movie/bhagwan-bharose/box-office/,Partial - sourced update,Theatrical
Ganapath,2023,2.6,Dystopian Sports Action,Vikas Bahl,13,150,Tiger Shroff,Kriti Sanon,Good Co Pooja Entertainment,https://en.wikipedia.org/wiki/Ganapath | https://www.imdb.com/title/tt13334578/,Complete,Theatrical
Yaariyan 2,2023,4.9,Coming-Of-Age Romance Drama,Radhika Rao Vinay Sapru,3.5,25,Yash Dasgupta,Divya Khosla Kumar,T-Series Films Rao And Sapru Films BLM Motion Pictures,https://en.wikipedia.org/wiki/Yaariyan_2 | https://www.imdb.com/title/tt22743064/,Complete,Theatrical
12th Fail,2023,8.7,Biographical Drama,Vidhu Vinod Chopra,69.75,20,Vikrant Massey ,Medha Shankr,Vinod Chopra Films,https://en.wikipedia.org/wiki/12th_Fail_(film) | https://www.imdb.com/title/tt23849204/,Complete,Theatrical
Tejas,2023,4.3,Action Thriller,Sarvesh Mevara,6.2,70,,Kangana Ranaut,RSVP Movies,https://en.wikipedia.org/wiki/Tejas_(film) | https://www.imdb.com/title/tt6950476/,Partial,Theatrical
Sajini Shinde Ka Viral Video,2023,6.2,Mystery,Mikhil Musale,1.1,12, Nimrat Kaur,Radhika Madan,Maddock Films,https://en.wikipedia.org/wiki/Sajini_Shinde_Ka_Viral_Video | https://www.imdb.com/title/tt23846874/ | https://www.bollywoodhungama.com/movie/sajini-shinde-ka-viral-video/box-office/,Partial - sourced update,Theatrical
Mujib: The Making of a Nation,2023,6,,,10.5,75,,,,https://en.wikipedia.org/wiki/List_of_Hindi_films_of_2023 | https://www.imdb.com/title/tt22932536/,Partial,Theatrical
Pyar Ki Policy,2023,6,,,0.1,3,,,,https://en.wikipedia.org/wiki/List_of_Hindi_films_of_2023 | https://www.imdb.com/title/tt22932536/,Partial,Theatrical
Mandali,2023,5.9,,Rakesh Chaturvedi Om,0.2,4,Rajniesh Duggall,Aanchal Munjal,,https://en.wikipedia.org/wiki/Mandali_(film) | https://www.imdb.com/title/tt29299059/ | https://www.bollywoodhungama.com/movie/mandali/box-office/,Partial - sourced update,Theatrical
Aankh Micholi,2023,5.6,Comedy,Umesh Shukla,2.1,20,Paresh Rawal,Abhimanyu Dassani,Merry Go Round Studios Sony Pictures International Productions,https://en.wikipedia.org/wiki/Aankh_Micholi_(2023_film) | https://www.imdb.com/title/tt11433822/,Partial,Theatrical
The Lady Killer,2023,1.8,Crime Thriller,Ajay Bahl,0.1,45,Arjun Kapoor,Bhumi Pednekar,T-Series Films Karma Media & Entertainment Jussawala Productions Polaroid Media Movies N More,https://en.wikipedia.org/wiki/The_Lady_Killer_(2023_film) | https://www.imdb.com/title/tt15654502/,Complete,Theatrical
Lakeerein,2023,8,Legal Drama,Durgesh Pathak,0.25,5,Ashutosh Rana,Bidita Bag,Image & Creation BTC Multimedia Blackpearl Movies,https://en.wikipedia.org/wiki/Lakeerein | https://www.imdb.com/title/tt29371859/ | https://www.bollywoodhungama.com/movie/lakeerein/box-office/,Partial - sourced update,Theatrical
Hukus Bukus,2023,7.5,Sport Drama,Vinay Bhardwaj Saumitra Singh,0.15,4,Darsheel Safary,,Shining Sun Studios,https://en.wikipedia.org/wiki/Hukus_Bukus | https://www.imdb.com/title/tt27571596/ | https://www.bollywoodhungama.com/movie/hukus-bukus/box-office/,Partial - sourced update,Theatrical
UT69,2023,4.5,Biographical,Shahnawaz Ali,1.1,8,Raj Kundra,,SVS Studios The Bigger Picture,https://en.wikipedia.org/wiki/UT69 | https://www.imdb.com/title/tt28455891/ | https://www.bollywoodhungama.com/movie/ut69/box-office/,Partial - sourced update,Theatrical
Three of Us,2023,7.5,,Avinash Arun,1.5,6, Jaideep Ahlawat,Shefali Shah,Allu Entertainment Matchbox Shots,https://en.wikipedia.org/wiki/Three_of_Us_(film) | https://www.imdb.com/title/tt23804378/ | https://www.bollywoodhungama.com/movie/three-of-us/box-office/,Partial - sourced update,Theatrical
Shastry Viruddh Shastry,2023,6.9,Family Drama,Nandita Roy Shiboprosad Mukherjee,0.9,10,Paresh Rawal,Neena Kulkarni,Viacom18 Studios Windows Production,https://en.wikipedia.org/wiki/Shastry_Viruddh_Shastry | https://www.imdb.com/title/tt27621015/,Partial,Theatrical
Pippa,2023,6.2,Biographical War,Raja Krishna Menon,,50,Ishaan Khatter,Mrunal Thakur,RSVP Movies Roy Kapur Films,https://en.wikipedia.org/wiki/Pippa_(film) | https://www.imdb.com/title/tt12887208/,Partial,OTT Release
Apurva,2023,6.2,Survival Thriller,Nikhil Nagesh Bhat,,20,Tara Sutaria,Tara Sutaria,Star Studios Cine1 Studios Production,https://en.wikipedia.org/wiki/Apurva_(2023_film) | https://www.imdb.com/title/tt25434258/,Partial,OTT Release
Khichdi 2: Mission Paanthukistan,2023,4.7,Comedy,Aatish Kapadia,5.6,15,Rajeev Mehta,Supriya Pathak Kapur,Hats Off Productions,https://en.wikipedia.org/wiki/Khichdi_2%3A_Mission_Paanthukistan | https://www.imdb.com/title/tt26744890/,Partial,Theatrical
Sab Moh Maaya Hai,2023,5.9,Family Drama,Abhinav Pareek,,10,Sharman Joshi,,Bhanushali Studios Limited Insomnia Films Veda Film Factory,https://en.wikipedia.org/wiki/Sab_Moh_Maaya_Hai | https://www.imdb.com/title/tt15415992/,Partial,OTT Release
Farrey,2023,6.2,Heist Thriller,Soumendra Padhi,4.15,15,Sahil Mehta,Alizeh Agnihotri,Salman Khan Films Mythri Movie Makers Athena Reel Life Productions,https://en.wikipedia.org/wiki/Farrey | https://www.imdb.com/title/tt29301456/,Partial,Theatrical
Starfish,2023,4.3,,Akhilesh Jaiswal,1.1,12,Milind Soman,Khushalii Kumar,T-Series Films,https://en.wikipedia.org/wiki/Starfish_(2023_film) | https://www.imdb.com/title/tt6915770/,Partial,Theatrical
Do Ajnabee,2023,7,,Sanjeev Kumar Rajput,0.15,4,Aarya Babbar,,Blockbuster Films & Entertainment PK Entertainment,https://en.wikipedia.org/wiki/Do_Ajnabee | https://www.imdb.com/title/tt15429702/,Partial,Theatrical
Sam Bahadur,2023,7.7,Biographical War Drama,Meghna Gulzar,130,55,Vicky Kaushal,Fatima Sana Shaikh,RSVP Movies,https://en.wikipedia.org/wiki/Sam_Bahadur_(film) | https://www.imdb.com/title/tt10786774/,Complete,Theatrical
The Archies,2023,4.2,Teen Musical,Zoya Akhtar,,40,Vedang Raina,Khushi Kapoor,Riverdale Productions Graphic India Tiger Baby Films,https://en.wikipedia.org/wiki/The_Archies_(film) | https://www.imdb.com/title/tt15979666/,Partial,OTT Release
Joram,2023,6.5,Thriller,Devashish Makhija,0.85,8,Manoj Bajpayee,,Zee Studios Makhija Films,https://en.wikipedia.org/wiki/Joram_(film) | https://www.imdb.com/title/tt23864864/,Partial,Theatrical
Kadak Singh,2023,6.2,Psychological Thriller,Aniruddha Roy Chowdhury,,20,Pankaj Tripathi,Parvathy Thiruvothu,WIZ Films KVN Productions HT Content Studio First Step Films Opus Communications,https://en.wikipedia.org/wiki/Kadak_Singh | https://www.imdb.com/title/tt23865712/,Partial,OTT Release
Mast Mein Rehne Ka,2023,7.1,,Vijay Maurya,,15,Jackie Shroff,Neena Gupta,Amazon MGM Studios Made in Maurya,https://en.wikipedia.org/wiki/Mast_Mein_Rehne_Ka | https://www.imdb.com/title/tt29613587/,Partial,OTT Release
Kaisi Ye Dor,2023,6,,Ananyabrata Chakravorty,0.1,3,Sukant Goel,,,https://en.wikipedia.org/wiki/List_of_Hindi_films_of_2023 | https://www.imdb.com/title/tt22932536/ | https://www.bollywoodhungama.com/movie/kaisi-ye-dor/box-office/,Partial - sourced update,Theatrical
Dry Day,2023,5.4,Comedy Drama,Robert Connolly,,20,,Shriya Pilgaonkar,Screen Australia Film Victoria Made Up Stories Arenamedia Pick Up Truck Pictures,https://en.wikipedia.org/wiki/Dry_Day | https://www.imdb.com/title/tt28024755/ | https://wise.com/us/currency-converter/usd-to-inr-rate,Partial,OTT Release
Kho Gaye Hum Kahan,2023,7.3,Coming-Of-Age Buddy Drama,Arjun Varain Singh,,25,Siddhant Chaturvedi,Ananya Panday,Excel Entertainment Tiger Baby Films,https://en.wikipedia.org/wiki/Kho_Gaye_Hum_Kahan | https://www.imdb.com/title/tt15434074/,Partial,OTT Release
Safed,2023,4.2,Drama,Sandeep Singh,,5,Abhay Verma,Meera Chopra,Legend Studios Anand Pandit Motion Pictures,https://en.wikipedia.org/wiki/Safed_(film) | https://www.imdb.com/title/tt27923623/,Partial,OTT Release
Stree 2,2024,6.9,Comedy Horror,Amar Kaushik,874.58,60,Rajkummar Rao,Shraddha Kapoor,Maddock Films Jio Studios,https://en.wikipedia.org/wiki/Stree_2 | https://www.imdb.com/title/tt27510174/,Complete,Theatrical
Bhool Bhulaiyaa 3,2024,4.6,Comedy Horror,Anees Bazmee,423.85,150,Kartik Aaryan,Vidya Balan,T-Series Films Cine1 Studios,https://en.wikipedia.org/wiki/Bhool_Bhulaiyaa_3 | https://www.imdb.com/title/tt26932223/,Complete,Theatrical
Singham Again,2024,4.3,Action,Rohit Shetty,389.64,350,Arjun Kapoor,Kareena Kapoor Khan,Rohit Shetty Picturez Jio Studios Devgn Films Reliance Entertainment,https://en.wikipedia.org/wiki/Singham_Again | https://www.imdb.com/title/tt11976134/,Complete,Theatrical
Fighter,2024,6.1,Aerial Action,Siddharth Anand,344.46,250,Hrithik Roshan,Deepika Padukone,Viacom18 Studios Marflix Pictures Prime Focus Studios,https://en.wikipedia.org/wiki/Fighter_(2024_film) | https://www.imdb.com/title/tt13818368/,Complete,Theatrical
Shaitaan,2024,6.5,Supernatural Psychological Horror,Vikas Bahl,211.06,65,R. Madhavan,Jyothika,Jio Studios Devgn Films Panorama Studios,https://en.wikipedia.org/wiki/Shaitaan_(2024_film) | https://www.imdb.com/title/tt27744786/,Complete,Theatrical
Crew,2024,5.8,Heist Comedy,Rajesh A Krishnan,157.08,75,Diljit Dosanjh,Kareena Kapoor Khan,Balaji Motion Pictures Anil Kapoor Films & Communication Network,https://en.wikipedia.org/wiki/Crew_(film) | https://www.imdb.com/title/tt21383812/,Partial,Theatrical
Teri Baaton Mein Aisa Uljha Jiya,2024,6.2,Science Fiction Romance Comedy,Amit Joshi Aradhana Sah,133.64,75,Shahid Kapoor,Kriti Sanon,Maddock Films Jio Studios,https://en.wikipedia.org/wiki/Teri_Baaton_Mein_Aisa_Uljha_Jiya | https://www.imdb.com/title/tt27459160/,Complete,Theatrical
Munjya,2024,6.3,Comedy Horror,Aditya Sarpotdar,132.13,30,Abhay Verma,Sharvari,Maddock Films,https://en.wikipedia.org/wiki/Munjya_(film) | https://www.imdb.com/title/tt27995594/,Complete,Theatrical
Bad Newz,2024,4.7,Comedy,Anand Tiwari,115.74,80,Vicky Kaushal,Triptii Dimri,Dharma Productions Leo Media Collective Amazon Prime,https://en.wikipedia.org/wiki/Bad_Newz_(film) | https://www.imdb.com/title/tt24517830/,Complete,Theatrical
Article 370,2024,7.8,Political Action Thriller,Aditya Suhas Jambhale,110.57,20,,Priyamani,B62 Studios Jio Studios,https://en.wikipedia.org/wiki/Article_370_(film) | https://www.imdb.com/title/tt30970235/,Partial,Theatrical
Tauba Tera Jalwa,2024,5.1,,Akashaditya Lama,0.3,5,Jatin Khurana,Ameesha Patel,Shreeram Productions Victorious Enterprises,https://en.wikipedia.org/wiki/Tauba_Tera_Jalwa | https://www.imdb.com/title/tt11495838/ | https://www.bollywoodhungama.com/movie/tauba-tera-jalwa/box-office/,Partial - sourced update,Theatrical
Main Paapi Hoon,2024,,,,0.15,4,,,,https://en.wikipedia.org/wiki/List_of_Hindi_films_of_2024,Manual Review,Theatrical
Merry Christmas[b],2024,6.9,Mystery Thriller,Sriram Raghavan,26.25,60,Vijay Sethupathi,Katrina Kaif,Tips Films Matchbox Pictures,https://en.wikipedia.org/wiki/Merry_Christmas_(2024_film) | https://www.imdb.com/title/tt15392282/,Complete,Theatrical
Main Atal Hoon,2024,6.9,,Ravi Jadhav,10.5,20,Pankaj Tripathi,,Bhanushali Studios Limited Legend Studios,https://en.wikipedia.org/wiki/Main_Atal_Hoon | https://www.imdb.com/title/tt25134642/,Partial,Theatrical
Bhakshak,2024,7.2,Hindi Language Crime Thriller,Pulkit,,18,Sanjay Mishra,Bhumi Pednekar,Red Chillies Entertainment,https://en.wikipedia.org/wiki/Bhakshak | https://www.imdb.com/title/tt27936770/,Partial,OTT Release
Lantrani,2024,5.1,Anthology Comedy Drama,Gurvinder Singh Kaushik Ganguly Bhaskar Hazarika,,8,Johny Lever,Nimisha Sajayan,Neeljai Films NMKRH,https://en.wikipedia.org/wiki/Lantrani | https://www.imdb.com/title/tt31171944/,Partial,OTT Release
Mirg,2024,5.9,Action,Tarun Sharma,0.35,5,Satish Kaushik,,Studio RA NaMA Productions OneShot Films,https://en.wikipedia.org/wiki/Mirg_(film) | https://www.imdb.com/title/tt27056645/ | https://www.bollywoodhungama.com/movie/mirg/box-office/,Partial - sourced update,Theatrical
Dashmi,2024,6.7,,Shantanu Anant Tambe,0.2,4,Vardhan Puri,Monica Chaudhary,3S Movies,https://en.wikipedia.org/wiki/Dashmi | https://www.imdb.com/title/tt29298252/ | https://www.bollywoodhungama.com/movie/dashmi/box-office/,Partial - sourced update,Theatrical
Kuch Khattaa Ho Jaay,2024,5,Romantic Comedy,G. Ashok,1.8,15,,Saiee Manjrekar,Mach Films,https://en.wikipedia.org/wiki/Kuch_Khattaa_Ho_Jaay | https://www.imdb.com/title/tt22543124/ | https://www.bollywoodhungama.com/movie/kuch-khattaa-ho-jaay/box-office/,Partial - sourced update,Theatrical
Crakk,2024,4.7,Sports Action,Aditya Datt,17.8,45,Arjun Rampal,Nora Fatehi,Action Hero Films,https://en.wikipedia.org/wiki/Crakk | https://www.imdb.com/title/tt22869490/,Complete,Theatrical
All India Rank,2024,6.1,,Varun Grover,1.2,8,,Geeta Agarwal Sharma,Matchbox Shots,https://en.wikipedia.org/wiki/All_India_Rank | https://www.imdb.com/title/tt24973142/,Partial,Theatrical
Chote Nawab,2024,5.3,Drama,Kumud Chaudhary,0.25,5,Akshay Oberoi,Plabita Borthakur,Yoodlee films,https://en.wikipedia.org/wiki/Chote_Nawab | https://www.imdb.com/title/tt8733760/,Partial,Theatrical
Laapataa Ladies,2024,8.3,,Kiran Rao,27.2,5,Sparsh Shrivastava,Nitanshi Goel,Jio Studios Aamir Khan Productions Kindling Pictures,https://en.wikipedia.org/wiki/Laapataa_Ladies | https://www.imdb.com/title/tt21626284/,Partial,Theatrical
Dange[b],2024,5.2,Action Drama,Bejoy Nambiar,0.8,15,Arjun Das,Zoa Morani,T-Series Films,https://en.wikipedia.org/wiki/Dange_(film) | https://www.imdb.com/title/tt31100872/ | https://www.bollywoodhungama.com/movie/dange/box-office/,Partial - sourced update,Theatrical
Operation Valentine[c],2024,5.3,Action Drama,Shakti Pratap Singh Hada,14.5,40,Mir Sarwar,Varun Tej,Sony Pictures International Productions Renaissance Pictures,https://en.wikipedia.org/wiki/Operation_Valentine_(film) | https://www.imdb.com/title/tt22152120/ | https://www.bollywoodhungama.com/movie/operation-valentine/box-office/,Partial - sourced update,Theatrical
Kaagaz 2,2024,5.8,Hindi Language Courtroom Drama,V. K. Prakash Jay Dev Banerjee,1.1,12,Anupam Kher,Smriti Kalra,Satish Kaushik Entertainment Indigo Creation Production Venus Worldwide Entertainment,https://en.wikipedia.org/wiki/Kaagaz_2 | https://www.imdb.com/title/tt28684462/ | https://www.bollywoodhungama.com/movie/kaagaz-2/box-office/,Partial - sourced update,Theatrical
Fairy Folk,2024,7.2,,Karan Gour,0.15,3,Mukul Chadda,Rasika Dugal,Empatheia Films Bala Wala Cinema Awe Studios Timbuktu Films Triforce Cinemas and Entertainment Accord Equipment,https://en.wikipedia.org/wiki/Fairy_Folk | https://www.imdb.com/title/tt20202992/ | https://www.bollywoodhungama.com/movie/fairy-folk/box-office/,Partial - sourced update,Theatrical
Tera Kya Hoga Lovely,2024,6.4,Social Comedy,Balwinder Singh Janjua,0.9,15,Randeep Hooda,,Sony Pictures Films India Movie Tunnel Productions,https://en.wikipedia.org/wiki/Tera_Kya_Hoga_Lovely | https://www.imdb.com/title/tt13288022/ | https://www.bollywoodhungama.com/movie/tera-kya-hoga-lovely/box-office/,Partial - sourced update,Theatrical
Alpha Beta Gamma,2024,5.8,,Shankar Srikumar,0.1,3,Nishan,,Choti Film Productions Knownsense Entertainment,https://en.wikipedia.org/wiki/Alpha_Beta_Gamma_(film) | https://www.imdb.com/title/tt14389464/ | https://www.bollywoodhungama.com/movie/alpha-beta-gamma/box-office/,Partial - sourced update,Theatrical
Yodha,2024,,Action Thriller,Sagar Ambre Pushkar Ojha,53.7,55,Siddharth Malhotra,Raashii Khanna,Amazon MGM Studios Dharma Productions Mentor Disciple Entertainment,https://en.wikipedia.org/wiki/Yodha_(2024_film) | https://www.imdb.com/title/tt16139322/,Partial,Theatrical
Bastar: The Naxal Story,2024,6.4,Political Thriller,Sudipto Sen,3.8,15,,Adah Sharma,Sunshine Pictures,https://en.wikipedia.org/wiki/Bastar%3A_The_Naxal_Story | https://www.imdb.com/title/tt28221135/,Partial,Theatrical
Murder Mubarak,2024,5.8,Mystery Thriller,Homi Adajania,,35,Pankaj Tripathi,Karisma Kapoor,Maddock Films,https://en.wikipedia.org/wiki/Murder_Mubarak | https://www.imdb.com/title/tt27028399/,Partial,OTT Release
Ae Watan Mere Watan,2024,4.7,,Kannan Iyer,,30,Alexx O'Nell,Sara Ali Khan,Dharmatic Entertainment,https://en.wikipedia.org/wiki/Ae_Watan_Mere_Watan | https://www.imdb.com/title/tt19864942/,Partial,OTT Release
Madgaon Express,2024,7,Crime Comedy,Kunal Khemu,44.7,30,Divyenndu,Nora Fatehi,Excel Entertainment,https://en.wikipedia.org/wiki/Madgaon_Express | https://www.imdb.com/title/tt26745657/,Partial,Theatrical
Swatantrya Veer Savarkar,2024,7.7,Biographical Drama,Randeep Hooda,31.5,20,Amit Sial,Ankita Lokhande,Zee Studios Anand Pandit Motion Pictures Legend Studios Avak Films Randeep Hooda Films,https://en.wikipedia.org/wiki/Swatantrya_Veer_Savarkar_(film) | https://www.imdb.com/title/tt14753612/,Complete,Theatrical
Woh Bhi Din The,2024,7.2,Coming Of Age Romance Comedy,Sajid Ali,,10,Rohit Saraf,Sanjana Sanghi,JA Entertainment Kino Works Rising Sun Films,https://en.wikipedia.org/wiki/Woh_Bhi_Din_The | https://www.imdb.com/title/tt31939497/,Partial,OTT Release
Patna Shuklla,2024,5.6,Legal Drama,Vivek Budakoti,,15,Manav Vij,Raveena Tandon,Zeal Z Entertainment Services Arbaaz Khan Productions,https://en.wikipedia.org/wiki/Patna_Shuklla | https://www.imdb.com/title/tt23709962/,Partial,OTT Release
Bengal 1947,2024,6.7,Romantic Drama,Akashaditya Lama,0.2,5,Aditya Lakhia,Devoleena Bhattacharjee,Comfed Productions Think Tank Global,https://en.wikipedia.org/wiki/Bengal_1947 | https://www.imdb.com/title/tt31702328/ | https://www.bollywoodhungama.com/movie/bengal-1947/box-office/,Partial - sourced update,Theatrical
Dukaan,2024,7.4,Comedy Drama,Siddharth–Garima,0.4,8,Sikandar Kher,Monali Thakur,Waveband Productions Kalamkaar Picture Productions,https://en.wikipedia.org/wiki/Dukaan | https://www.imdb.com/title/tt15458936/,Partial,Theatrical
Bade Miyan Chote Miyan,2024,3.7,Science Fiction Action,Ali Abbas Zafar,110,350,Akshay Kumar,Manushi Chhillar,Pooja Entertainment AAZ Films,https://en.wikipedia.org/wiki/Bade_Miyan_Chote_Miyan_(2024_film) | https://www.imdb.com/title/tt18072316/,Complete,Theatrical
Maidaan,2024,7.9,Biographical Sports Drama,Amit Sharma,68,200,Ajay Devgn,Priyamani,Zee Studios Bayview Projects Fresh Lime Films,https://en.wikipedia.org/wiki/Maidaan | https://www.imdb.com/title/tt10869778/,Complete,Theatrical
Amar Singh Chamkila,2024,7.8,Biographical Drama,Imtiaz Ali,,50,Diljit Dosanjh,Parineeti Chopra,Window Seat Films Select Media Holdings LLP Saregama,https://en.wikipedia.org/wiki/Amar_Singh_Chamkila_(film) | https://www.imdb.com/title/tt26658272/,Partial,OTT Release
Ameena,2024,4.8,Drama Action Thriller,Kumar Raj,0.15,4,Anant Mahadevan,Rekha Rana,Kumar Raj Productions,https://en.wikipedia.org/wiki/Ameena_(film) | https://www.imdb.com/title/tt6259146/ | https://www.bollywoodhungama.com/movie/ameena/box-office/,Partial - sourced update,Theatrical
Gauraiya Live,2024,8,,Gabriel Vats,0.3,5,Omkar Das Manikpuri,Shagufta Ali,Rare films Tea and poetry films,https://en.wikipedia.org/wiki/Gauraiya_Live | https://www.imdb.com/title/tt30889608/ | https://www.bollywoodhungama.com/movie/gauraiya-live/box-office/,Partial - sourced update,Theatrical
Silence 2: The Night Owl Bar Shootout,2024,6.2,Mystery Thriller,Aban Bharucha Deohans,,15,Manoj Bajpayee,Prachi Desai,Zee Studios Candid Creations,https://en.wikipedia.org/wiki/Silence_2%3A_The_Night_Owl_Bar_Shootout | https://www.imdb.com/title/tt28500558/,Partial,OTT Release
Love Sex Aur Dhokha 2,2024,3.7,Anthology Drama,Dibakar Banerjee,1.4,15,,,Balaji Motion Pictures Cult Movies Dibakar Banerjee Productions,https://en.wikipedia.org/wiki/Love_Sex_Aur_Dhokha_2 | https://www.imdb.com/title/tt14398312/,Partial,Theatrical
Do Aur Do Pyaar,2024,6.4,Romantic Comedy,Shirsha Guha Thakurta,5.5,20,Pratik Gandhi,Vidya Balan,Applause Entertainment Ellipsis Entertainment Production,https://en.wikipedia.org/wiki/Do_Aur_Do_Pyaar | https://www.imdb.com/title/tt15576290/,Partial,Theatrical
Kaam Chalu Hai,2024,7,Drama,Palash Muchhal,,6,Rajpal Yadav,,Baseline Studios Pal Music & Films,https://en.wikipedia.org/wiki/Kaam_Chalu_Hai | https://www.imdb.com/title/tt30783769/,Partial,OTT Release
Appu,2024,,,,0.2,5,,,,https://www.bollywoodhungama.com/movie/appu/box-office/,Partial - sourced update,Theatrical
Luv You Shankar,2024,5.7,Mythological Animated Drama,Rajiv S. Ruia,0.5,10,Shreyas Talpade,Tanishaa,S D World Film Production Pvt Ltd,https://en.wikipedia.org/wiki/Luv_You_Shankar | https://www.imdb.com/title/tt28094085/ | https://www.bollywoodhungama.com/movie/luv-you-shankar/box-office/,Partial - sourced update,Theatrical
The Legacy of Jineshwar,2024,,,,0.3,5,,,,https://en.wikipedia.org/wiki/List_of_Hindi_films_of_2024 | https://www.bollywoodhungama.com/movie/the-legacy-of-jineshwar/box-office/,Partial - sourced update,Theatrical
Ruslaan,2024,3.3,Action,Karan Lalit Butani,4.8,25,Aayush Sharma,Sushrii Shreya Mishraa,Sri Sathya Sai Arts,https://en.wikipedia.org/wiki/Ruslaan | https://www.imdb.com/title/tt24245466/,Complete,Theatrical
Main Ladega,2024,9.1,Sport Drama,Gaurav Rana,0.25,5,Ashwath Bhatt,Vallari Viraj,Kathakaar Films,https://en.wikipedia.org/wiki/Main_Ladega | https://www.imdb.com/title/tt32023291/ | https://www.bollywoodhungama.com/movie/main-ladega/box-office/,Partial - sourced update,Theatrical
Srikanth,2024,7.4,Biographical,Tushar Hiranandani,62.5,35,Rajkummar Rao,Jyothika,Chalk and Cheese Films T-Series Films,https://en.wikipedia.org/wiki/Srikanth_(film) | https://www.imdb.com/title/tt23790740/,Complete,Theatrical
Tipppsy,2024,7.9,Drama Thriller,Deepak Tijori,0.4,6,Alankrita Sahai,Kainaat Arora,,https://en.wikipedia.org/wiki/Tipppsy | https://www.imdb.com/title/tt10610440/,Partial,Theatrical
Kartam Bhugtam,2024,6.1,Psychological Thriller,Soham P. Shah,0.8,10,Shreyas Talpade,Madhoo,Gandhar Films & Studio,https://en.wikipedia.org/wiki/Kartam_Bhugtam | https://www.imdb.com/title/tt31943592/,Partial,Theatrical
Bhaiyya Ji,2024,4.7,Action Thriller,Apoorv Singh Karki,11.5,20,Manoj Bajpayee,Zoya Hussain,Bhanushali Studios Limited SSO Productions,https://en.wikipedia.org/wiki/Bhaiyya_Ji | https://www.imdb.com/title/tt28654369/,Partial,Theatrical
Mr. & Mrs. Mahi,2024,5.9,,Sharan Sharma,52,40,Rajkumar Rao,,Dharma Productions Zee Studios,https://en.wikipedia.org/wiki/Mr._%26_Mrs._Mahi | https://www.imdb.com/title/tt16227342/,Partial,Theatrical
Savi,2024,5.8,Action Thriller,Abhinay Deo,17.8,15,Anil Kapoor,Divya Khosla Kumar,T-Series Films Vishesh Entertainment HWY 61,https://en.wikipedia.org/wiki/Savi_(film) | https://www.imdb.com/title/tt32308617/,Complete,Theatrical
Chhota Bheem and the Curse of Damyaan,2024,4.6,Children'S Fantasy Action Adventure,Rajiv Chilaka,3.5,12,Yagya Bhasin,,Green Gold Studios,https://en.wikipedia.org/wiki/Chhota_Bheem_and_the_Curse_of_Damyaan_(2024_film) | https://www.imdb.com/title/tt29114624/,Partial,Theatrical
Dedh Bigha Zameen,2024,6.9,Drama,Pulkit,,10,Pratik Gandhi,,Karma Media And Entertainment,https://en.wikipedia.org/wiki/Dedh_Bigha_Zameen | https://www.imdb.com/title/tt15206368/,Partial,OTT Release
House of Lies,2024,3.8,,Saumitra Singh,,6,Hiten Paintal,Smilie Suri,,https://en.wikipedia.org/wiki/House_of_Lies_(2024_film) | https://www.imdb.com/title/tt32481179/,Partial,OTT Release
Malhar[d],2024,6.4,,Vishal Kumbhar,0.3,5,Shrinivas Pokale,Anjali Patil,V Motion Pictures,https://en.wikipedia.org/wiki/Malhar_(film) | https://www.imdb.com/title/tt32370994/,Partial,Theatrical
Bajrang Aur Ali,2024,7.3,Social Drama,Jaiveer,0.4,6,,,UtterUp Films,https://en.wikipedia.org/wiki/Bajrang_Aur_Ali_(film) | https://www.imdb.com/title/tt9624498/ | https://www.bollywoodhungama.com/movie/bajrang-aur-ali/box-office/,Partial - sourced update,Theatrical
Blackout,2024,6.1,,Devang Shashin Bhavsar,,20,Vikrant Massey,Mouni Roy,11:11 Productions Jio Studios,https://en.wikipedia.org/wiki/Blackout_(2024_film) | https://www.imdb.com/title/tt27940442/,Partial,OTT Release
Phooli,2024,7.4,Drama,Avinash Dhyani,0.2,4,,,Padma Siddhi Films Dream Sky Creations,https://en.wikipedia.org/wiki/Phooli_(film) | https://www.imdb.com/title/tt32383877/ | https://www.bollywoodhungama.com/movie/phooli/box-office/,Partial - sourced update,Theatrical
Chandu Champion,2024,7.8,Biographical Sports Drama,Kabir Khan,88.5,120,Kartik Aaryan,,Nadiadwala Grandson Entertainment Kabir Khan Films,https://en.wikipedia.org/wiki/Chandu_Champion | https://www.imdb.com/title/tt27470893/,Partial,Theatrical
Manihar,2024,,Film,Sanjeev Kumar Rajput,0.15,4,Pankaj Berry,Roshni Rastogi,Jai Shree Movie Production,https://en.wikipedia.org/wiki/Manihar_(film) | https://www.imdb.com/title/tt22543484/ | https://www.bollywoodhungama.com/movie/manihar/box-office/,Partial - sourced update,Theatrical
Luv Ki Arrange Marriage,2024,4.4,Romantic Comedy - Drama,Ishrat R. Khan,,12,Sunny Singh,Avneet Kaur,Bhanushali Studios Thinkink Picturez,https://en.wikipedia.org/wiki/Luv_Ki_Arrange_Marriage | https://www.imdb.com/title/tt27330732/,Partial,OTT Release
Ishq Vishk Rebound,2024,5.1,Romantic Comedy-Drama,Nipun Dharmadhikari,6.8,20,Rohit Saraf,Naila Grrewal,Tips Films,https://en.wikipedia.org/wiki/Ishq_Vishk_Rebound | https://www.imdb.com/title/tt20854856/,Partial,Theatrical
Maharaj,2024,6.5,Historical Drama,Siddharth P. Malhotra,,45,Junaid Khan,Shalini Pandey,YRF Entertainment,https://en.wikipedia.org/wiki/Maharaj_(film) | https://www.imdb.com/title/tt4501268/,Partial,OTT Release
Hamare Baarah,2024,7.1,Drama,Kamal Chandra,4.5,10,Annu Kapoor,Ashwini Kalsekar,Radhika G Film Newtech Media Entertainment,https://en.wikipedia.org/wiki/Hamare_Baarah | https://www.imdb.com/title/tt26885613/,Partial,Theatrical
Pushtaini,2024,,,,0.3,3,,,,https://en.wikipedia.org/wiki/List_of_Hindi_films_of_2024 | https://www.bollywoodhungama.com/movie/pushtaini/box-office/,Partial - sourced update,Theatrical
Jahangir National University,2024,4.3,Political Drama,Vinay Sharma,0.8,10,Ravi Kishan,Urvashi Rautela,Mahakaal Movies Pvt. Ltd,https://en.wikipedia.org/wiki/Jahangir_National_University_(film) | https://www.imdb.com/title/tt31702853/,Partial,Theatrical
Rautu Ka Raaz,2024,6.3,Mystery,Anand Surapur,,12,Nawazuddin Siddiqui,Narayani Shastri,Zee Studios Phat Phish Records,https://en.wikipedia.org/wiki/Rautu_Ka_Raaz | https://www.imdb.com/title/tt32607174/,Partial,OTT Release
Sharmajee Ki Beti,2024,5.9,,Tahira Kashyap Khurrana,,15,Parvin Dabas,Divya Dutta,Applause Entertainment Ellipsis Entertainment,https://en.wikipedia.org/wiki/Sharmajee_Ki_Beti | https://www.imdb.com/title/tt9691290/,Partial,OTT Release
Kooki,2024,5.8,Drama,Pranab J Deka,0.25,5,Rajesh Tailang,Dipannita Sharma,Niri Media Opc Private Limited,https://en.wikipedia.org/wiki/Kooki_(film) | https://www.imdb.com/title/tt29310746/ | https://www.bollywoodhungama.com/movie/kooki/box-office/,Partial - sourced update,Theatrical
Kill,2024,7.4,,Nikhil Nagesh Bhat,47.1,20,Lakshya,Tanya Maniktala,Dharma Productions Sikhya Entertainment,https://en.wikipedia.org/wiki/Kill_(film) | https://www.imdb.com/title/tt28259207/,Partial,Theatrical
Wild Wild Punjab,2024,6.2,Comedy,Simarpreet Singh,,25,Varun Sharma,,T-Series Films Luv Films,https://en.wikipedia.org/wiki/Wild_Wild_Punjab | https://www.imdb.com/title/tt31514262/,Partial,OTT Release
Sarfira,2024,6.9,Drama,Sudha Kongara,30.5,80,Akshay Kumar,Radhika Madan,Abundantia Entertainment 2D Entertainment Cape of Good Films,https://en.wikipedia.org/wiki/Sarfira | https://www.imdb.com/title/tt23475174/,Complete,Theatrical
Kakuda,2024,5.3,,Aditya Sarpotdar,,20,Riteish Deshmukh,Sonakshi Sinha,RSVP Movies,https://en.wikipedia.org/wiki/Kakuda_(film) | https://www.imdb.com/title/tt15181064/,Partial,OTT Release
Accident or Conspiracy: Godhra,2024,,,,1.5,10,,,,https://en.wikipedia.org/wiki/List_of_Hindi_films_of_2024,Manual Review,Theatrical
Bloody Ishq,2024,3,Horror Thriller,Vikram Bhatt,,15,Vardhan Puri,Avika Gor,Hare Krishna Media Tech Houseful Motion Pictures,https://en.wikipedia.org/wiki/Bloody_Ishq | https://www.imdb.com/title/tt31115432/,Partial,OTT Release
Pride,2024,,,,0.2,4,,,,https://www.bollywoodhungama.com/movie/pride/box-office/,Partial - sourced update,Theatrical
Auron Mein Kahan Dum Tha,2024,6.2,Romantic Thriller,Neeraj Pandey,12.8,100,Ajay Devgn,Tabu,Friday Filmworks NH Studioz,https://en.wikipedia.org/wiki/Auron_Mein_Kahan_Dum_Tha | https://www.imdb.com/title/tt26659814/,Complete,Theatrical
Ulajh,2024,5.9,Spy Thriller,Sudhanshu Saria,11.2,35,Roshan Mathew,,Junglee Pictures,https://en.wikipedia.org/wiki/Ulajh | https://www.imdb.com/title/tt19838634/,Partial,Theatrical
Aliya Basu Gayab Hai,2024,5,Film,Preeti Singh,0.15,4,Salim Diwan,Raima Sen,Rehab Pictures Private Limited,https://en.wikipedia.org/wiki/Aliya_Basu_Gayab_Hai | https://www.imdb.com/title/tt10545214/ | https://www.bollywoodhungama.com/movie/aliya-basu-gayab-hai/box-office/,Partial - sourced update,Theatrical
Phir Aayi Hasseen Dillruba,2024,5.8,Romantic Thriller,Jayprad Desai,,35,Vikrant Massey,Taapsee Pannu,Colour Yellow Productions T-Series Films,https://en.wikipedia.org/wiki/Phir_Aayi_Hasseen_Dillruba | https://www.imdb.com/title/tt26225118/,Partial,OTT Release
Ghudchadi,2024,4.1,Romantic Comedy,Binoy Gandhi,,18,Sanjay Dutt,Aruna Irani,T-Series Films Keep Dreaming Pictures,https://en.wikipedia.org/wiki/Ghudchadi | https://www.imdb.com/title/tt21836384/,Partial,OTT Release
Ghuspaithiya,2024,6.5,Crime Drama,Susi Ganesan,0.35,6,Vineet Kumar Singh,Urvashi Rautela,Suraj Production 4V Entertainment JDS Enterprises,https://en.wikipedia.org/wiki/Ghuspaithiya | https://www.imdb.com/title/tt33040269/ | https://www.bollywoodhungama.com/movie/ghuspaithiya/box-office/,Partial - sourced update,Theatrical
Khel Khel Mein,2024,6.5,Comedy Drama,Mudassar Aziz,56,100,Akshay Kumar,Taapsee Pannu,T-Series Films Wakaoo Films White World Productions,https://en.wikipedia.org/wiki/Khel_Khel_Mein_(2024_film) | https://www.imdb.com/title/tt27056012/,Complete,Theatrical
Vedaa,2024,6,Action Drama,Nikkhil Advani,26.5,60,John Abraham,Sharvari,Zee Studios Emmay Entertainment JA Entertainment,https://en.wikipedia.org/wiki/Vedaa | https://www.imdb.com/title/tt28153480/,Complete,Theatrical
Tikdam,2024,7.7,Hindi-Language,Vivek Anchalia,,10,Amit Sial,,Jio Studios,https://en.wikipedia.org/wiki/Tikdam | https://www.imdb.com/title/tt33095240/,Partial,OTT Release
A Wedding Story,2024,6.4,Supernatural Horror,Abhinav Pareek,0.25,5,Vaibhav Tatwawadi,Mukti Mohan,Boundless Blackbuck Films,https://en.wikipedia.org/wiki/A_Wedding_Story_(film) | https://www.imdb.com/title/tt27689950/ | https://www.bollywoodhungama.com/movie/a-wedding-story/box-office/,Partial - sourced update,Theatrical
Pad Gaye Pange,2024,5.8,Comedy,Santosh Kumar,0.2,4,Faisal Malik,,Prachi Films Utter Action,https://en.wikipedia.org/wiki/Pad_Gaye_Pange | https://www.imdb.com/title/tt33089434/ | https://www.bollywoodhungama.com/movie/pad-gaye-pange/box-office/,Partial - sourced update,Theatrical
Visfot,2024,5.7,Crime Thriller,Kookie Gulati,,25,Fardeen Khan,Priya Bapat,White Feather Films,https://en.wikipedia.org/wiki/Visfot | https://www.imdb.com/title/tt15416100/,Partial,OTT Release
The Buckingham Murders,2024,5.9,,Hansal Mehta,14.2,40,Keith Allen,,Balaji Motion Pictures Mahana Films Miracle Pictures,https://en.wikipedia.org/wiki/The_Buckingham_Murders | https://www.imdb.com/title/tt15245240/,Partial,Theatrical
Sector 36,2024,7.1,,Aditya Nimbalkar,,20,Vikrant Massey,,Maddock Films Jio Studios,https://en.wikipedia.org/wiki/Sector_36 | https://www.imdb.com/title/tt21626774/,Partial,OTT Release
Berlin,2024,6.8,,Atul Sabharwal,,15,Rahul Bose,Anupriya Goenka,Zee Studios Yippie Ki Yay Motion Pictures,https://en.wikipedia.org/wiki/Berlin_(2024_film) | https://www.imdb.com/title/tt22480126/,Partial,OTT Release
Adbhut,2024,5.2,Supernatural Horror,Sabbir Khan,,18,Nawazuddin Siddiqui,Diana Penty,Sony Pictures International Productions Sabbir Khan Films,https://en.wikipedia.org/wiki/Adbhut | https://www.imdb.com/title/tt15560952/,Partial,TV Premiere
Kahan Shuru Kahan Khatam,2024,6.2,Romantic Comedy,Saurabh Dasgupta,1.5,12,Aashim Gulati,Dhvani Bhanushali,Bhanushali Studios Limited Kathputli Creations,https://en.wikipedia.org/wiki/Kahan_Shuru_Kahan_Khatam | https://www.imdb.com/title/tt33245905/ | https://www.bollywoodhungama.com/movie/kahan-shuru-kahan-khatam/box-office/,Partial - sourced update,Theatrical
Yudhra,2024,4.9,Action Thriller,Ravi Udyawar,14.8,50,Siddhant Chaturvedi,Malavika Mohanan,Excel Entertainment,https://en.wikipedia.org/wiki/Yudhra | https://www.imdb.com/title/tt14056466/,Complete,Theatrical
Nasha Jurm Aur Gangsters,2024,6.2,Action Thriller,Rajkumar Patra Rocky Rupkumar Patra,0.15,4,,,Patras Glam Entertainment Mens Club Entertainment,https://en.wikipedia.org/wiki/Nasha_Jurm_Aur_Gangsters | https://www.imdb.com/title/tt6373362/,Partial,Theatrical
Jo Tera Hai Woh Mera Hai,2024,5.2,Comedy Drama,Raj Trivedi,,10,Paresh Rawal,Sonali Kulkarni,Jio Studios JAR Pictures,https://en.wikipedia.org/wiki/Jo_Tera_Hai_Woh_Mera_Hai | https://www.imdb.com/title/tt28356014/,Partial,OTT Release
"Love, Sitara",2024,5.3,Drama,Vandana Kataria,,12,Rajeev Siddhartha,Sobhita Dhulipala,RSVP Movies,"https://en.wikipedia.org/wiki/Love,_Sitara | https://www.imdb.com/title/tt13070226/",Partial,OTT Release
Binny And Family,2024,7.4,Film,Ssanjay Tripaathy,1.8,10,Pankaj Kapur,Himani Shivpuri,Balaji Motion Pictures Mahaveer Jain Films Waveband Production,https://en.wikipedia.org/wiki/Binny_And_Family | https://www.imdb.com/title/tt20452454/ | https://www.bollywoodhungama.com/movie/binny-and-family/box-office/,Partial - sourced update,Theatrical
CTRL,2024,6.2,Screenlife Thriller,Vikramaditya Motwane,,25,Vihaan Samat,Ananya Panday,Saffron Magicworks Andolan Films,https://en.wikipedia.org/wiki/CTRL_(film) | https://www.imdb.com/title/tt12736014/,Partial,OTT Release
Amar Prem Ki Prem Kahani,2024,4.6,Drama,Hardik Gajjar,,10,Sunny Singh,Pranutan Bahl,Jio Studios A Hardik Gajjar Films Backbencher Pictures Production,https://en.wikipedia.org/wiki/Amar_Prem_Ki_Prem_Kahani | https://www.imdb.com/title/tt27116571/,Partial,OTT Release
The Signature,2024,6.7,,Gajendra Ahire,,12,Anupam Kher,Mahima Chaudhry,Anupam Kher Studio,https://en.wikipedia.org/wiki/The_Signature | https://www.imdb.com/title/tt28435822/,Partial,OTT Release
Jigra,2024,6,Action Thriller,Vasan Bala,55,80,Vedang Raina,Alia Bhatt,Viacom18 Studios Dharma Productions Eternal Sunshine Productions,https://en.wikipedia.org/wiki/Jigra | https://www.imdb.com/title/tt26733317/,Complete,Theatrical
Vicky Vidya Ka Woh Wala Video,2024,5.2,Comedy,Raaj Shaandilyaa,54.5,30,Rajkummar Rao,Triptii Dimri,T-Series Films Balaji Motion Pictures Wakaoo Films Kathavachak Films,https://en.wikipedia.org/wiki/Vicky_Vidya_Ka_Woh_Wala_Video | https://www.imdb.com/title/tt29330913/,Partial,Theatrical
Aayushmati Geeta Matric Pass,2024,6.1,,Prradip Khairwar,0.25,5,,Kashika Kapoor,Good Idea Films Spunk Productions,https://en.wikipedia.org/wiki/Aayushmati_Geeta_Matric_Pass | https://www.imdb.com/title/tt27252585/ | https://www.bollywoodhungama.com/movie/aayushmati-geeta-matric-pass/box-office/,Partial - sourced update,Theatrical
Do Patti,2024,6.3,Drama Thriller,Shashanka Chaturvedi,,35,Shaheer Sheikh,Kajol Devgan,Kathha Pictures Blue Butterfly Films,https://en.wikipedia.org/wiki/Do_Patti | https://www.imdb.com/title/tt28075881/,Partial,OTT Release
Bandaa Singh Chaudhary,2024,5.9,Action Drama,Abhishek Saxena,1.2,12,Arshad Warsi,Meher Vij,Arbaaz Khan Production,https://en.wikipedia.org/wiki/Bandaa_Singh_Chaudhary | https://www.imdb.com/title/tt33529930/ | https://www.bollywoodhungama.com/movie/bandaa-singh-chaudhary/box-office/,Partial - sourced update,Theatrical
The Miranda Brothers,2024,4.4,Sports Drama,Sanjay Gupta,,10,Harshvardhan Rane,,White Feather Films,https://en.wikipedia.org/wiki/The_Miranda_Brothers | https://www.imdb.com/title/tt33246678/,Partial,OTT Release
Navras Katha Collage,2024,7.2,Drama,Praveen Hingonia,0.2,5,Shaji Chaudhary,Alka Amin,Swardhrupad Production,https://en.wikipedia.org/wiki/Navras_Katha_Collage | https://www.imdb.com/title/tt26249782/ | https://www.bollywoodhungama.com/movie/navras-katha-collage/box-office/,Partial - sourced update,Theatrical
Vijay 69,2024,6.1,Comedy-Drama,Akshay Roy,,20,Anupam Kher,Chunky Pandey,YRF Entertainment,https://en.wikipedia.org/wiki/Vijay_69 | https://www.imdb.com/title/tt27671792/,Partial,OTT Release
Ella,2024,8.9,,Roshan Fernandes,0.15,4,Makarand Deshpande,Isha Talwar,,https://en.wikipedia.org/wiki/Ella_(film) | https://www.imdb.com/title/tt32362728/ | https://www.bollywoodhungama.com/movie/ella/box-office/,Partial - sourced update,Theatrical
Khwaabon Ka Jhamela,2024,5.4,Romantic Comedy,Danish Aslam,,8,,Prateik Babbar,Jio Studios Baweja Studios,https://en.wikipedia.org/wiki/Khwaabon_Ka_Jhamela | https://www.imdb.com/title/tt21159080/,Partial,OTT Release
The Sabarmati Report,2024,6.4,Film,Dheeraj Sarna Ranjan Chandel (Replaced),38.5,25,Vikrant Massey,Raashii Khanna,Balaji Motion Pictures Vikir Films Production,https://en.wikipedia.org/wiki/The_Sabarmati_Report | https://www.imdb.com/title/tt30889755/,Complete,Theatrical
Naam,2024,6,Action Thriller,Anees Bazmee,0.9,15,Ajay Devgn,Sameera Reddy,Roongta Entertainment Sonu Films International,https://en.wikipedia.org/wiki/Naam_(2024_film) | https://www.imdb.com/title/tt13562602/ | https://www.bollywoodhungama.com/movie/naam/box-office/,Partial - sourced update,Theatrical
I Want to Talk,2024,7.1,Drama,Shoojit Sircar,3.2,25,Abhishek Bachchan,,Rising Sun Films Kino Works,https://en.wikipedia.org/wiki/I_Want_to_Talk | https://www.imdb.com/title/tt27866861/,Partial,Theatrical
Sikandar Ka Muqaddar,2024,6,Heist Thriller,Neeraj Pandey,,20,Avinash Tiwary,Divya Dutta,Friday Storytellers,https://en.wikipedia.org/wiki/Sikandar_Ka_Muqaddar | https://www.imdb.com/title/tt31522415/,Partial,OTT Release
Agni,2024,7.1,Action Thriller,Rahul Dholakia,,30,Pratik Gandhi,Saiyami Kher,Excel Entertainment,https://en.wikipedia.org/wiki/Agni_(2024_film) | https://www.imdb.com/title/tt27930683/,Partial,OTT Release
Zero Se Restart,2024,7,Drama,Jaskunwar Kohli,1.1,5,Vikrant Massey,Medha Shankr,Vinod Chopra Films,https://en.wikipedia.org/wiki/Zero_Se_Restart | https://www.imdb.com/title/tt32134742/ | https://www.bollywoodhungama.com/movie/zero-se-restart/box-office/,Partial - sourced update,Theatrical
Despatch,2024,4.4,Crime Drama,Kanu Behl,,15,Manoj Bajpayee,Shahana Goswami,RSVP Movies,https://en.wikipedia.org/wiki/Despatch_(2024_film) | https://www.imdb.com/title/tt15260176/,Partial,OTT Release
Vanvaas,2024,6.6,Family Drama,Anil Sharma,4.5,25,Nana Patekar,Simrat Kaur,Zee Studios Anil Sharma Productions,https://en.wikipedia.org/wiki/Vanvaas | https://www.imdb.com/title/tt29120307/,Partial,Theatrical
OutHouse,2024,,,,0.15,4,,,,https://en.wikipedia.org/wiki/List_of_Hindi_films_of_2024 | https://www.bollywoodhungama.com/movie/outhouse/box-office/,Partial - sourced update,Theatrical
Baby John,2024,5,Action Thriller,Kalees,61,140,Varun Dhawan,Keerthy Suresh,Jio Studios Cine1 Studios A for Apple Studios,https://en.wikipedia.org/wiki/Baby_John_(film) | https://www.imdb.com/title/tt27757805/,Complete,Theatrical
Kisko Tha Pata,2024,,,,0.1,3,,,,https://en.wikipedia.org/wiki/List_of_Hindi_films_of_2024,Manual Review,Theatrical
Dhurandhar,2025,8.2,Spy Action Thriller,Aditya Dhar,1428,200,Ranveer Singh,Sara Arjun,Jio Studios B62 Studios,https://en.wikipedia.org/wiki/Dhurandhar | https://www.imdb.com/title/tt33014583/,Complete,
Chhaava,2025,7.3,Epic Historical Action,Laxman Utekar,797.34,140,Vicky Kaushal,Rashmika Mandanna,Maddock Films,https://en.wikipedia.org/wiki/Chhaava | https://www.imdb.com/title/tt27922706/,Complete,
Saiyaara,2025,6.3,Musical Romance Drama,Mohit Suri,579,60,Ahaan Panday,Aneet Padda,Yash Raj Films,https://en.wikipedia.org/wiki/Saiyaara_(film) | https://www.imdb.com/title/tt28037987/,Complete,
War 2,2025,5.1,Action Thriller,Ayan Mukerji,499.5,320,Hrithik Roshan,Kiara Advani,Yash Raj Films,https://en.wikipedia.org/wiki/War_2_(film) | https://www.imdb.com/title/tt27425164/,Complete,
Mahavatar Narsimha[α],2025,8.5,,Ashwin Kumar,310,150,,,Kleem Productions Hombale Films (presenters only),https://en.wikipedia.org/wiki/Mahavatar_Narsimha | https://www.imdb.com/title/tt34365591/,Partial,
Sikandar,2025,3.6,Action Drama,A. R. Murugadoss,176.18,200,Salman Khan,Kajal Aggarwal,Nadiadwala Grandson Entertainment Salman Khan Films,https://en.wikipedia.org/wiki/Sikandar_(2025_film) | https://www.imdb.com/title/tt31712434/,Complete,
Sitaare Zameen Par,2025,,Sports Comedy-Drama,R. S. Prasanna,266.49,90,,Genelia D'Souza,Aamir Khan Productions,https://en.wikipedia.org/wiki/Sitaare_Zameen_Par | https://www.imdb.com/title/tt29471573/,Partial,
Raid 2,2025,6.6,Crime Thriller,Raj Kumar Gupta,243.06,80,Ajay Devgn,,T-Series Films Panorama Studios,https://en.wikipedia.org/wiki/Raid_2_(film) | https://www.imdb.com/title/tt28089700/,Partial,
Housefull 5,2025,3.3,Comedy Thriller,Tarun Mansukhani,242.8,225,Akshay Kumar,Jacqueline Fernandez,Nadiadwala Grandson Entertainment,https://en.wikipedia.org/wiki/Housefull_5 | https://www.imdb.com/title/tt9104736/,Complete,
Thamma,2025,5.8,Romantic Comedy Horror,Aditya Sarpotdar,169.75,70,Ayushmann Khurrana,Rashmika Mandanna,Maddock Films,https://en.wikipedia.org/wiki/Thamma | https://www.imdb.com/title/tt28102562/,Complete,
The Rabbit House,2025,4.5,Thriller Suspense,Vaibhav Kulkarni,0.05,10,,,Geetai Productions,https://en.wikipedia.org/wiki/The_Rabbit_House | https://www.imdb.com/title/tt30526436/ | https://www.bollywoodhungama.com/movie/the-rabbit-house/box-office/,Partial - sourced update,
Fateh,2025,6.1,Action Thriller,Sonu Sood,25.5,40,,Jacqueline Fernandez,Shakti Sagar Productions Zee Studios,https://en.wikipedia.org/wiki/Fateh_(2025_film) | https://www.imdb.com/title/tt27679608/,Partial,
Match Fixing,2025,6.5,Political Thriller,Kedar Gaekwad,0.08,15,Vineet Kumar Singh,Anuja Sathe,Artarena Creations,https://en.wikipedia.org/wiki/Match_Fixing_(film) | https://www.imdb.com/title/tt34038181/ | https://www.bollywoodhungama.com/movie/match-fixing/box-office/,Partial - sourced update,
Emergency,2025,5.2,Biographical Drama,Kangana Ranaut,21.75,60,Vishak Nair,Kangana Ranaut,Manikarnika Films Zee Studios,https://en.wikipedia.org/wiki/Emergency_(2025_film) | https://www.imdb.com/title/tt21279420/,Complete,
Azaad,2025,4.8,Period Drama,Abhishek Kapoor,9.17,80,Ajay Devgn,Diana Penty,RSVP Movies Guy In The Sky Pictures,https://en.wikipedia.org/wiki/Azaad_(2025_film) | https://www.imdb.com/title/tt26439870/,Complete,
Mission Grey House,2025,4.4,Suspense Thriller,Naushad Siddiqui,0.02,12,,,Reliance Entertainment Rafat Films Entertainment,https://en.wikipedia.org/wiki/Mission_Grey_House | https://www.imdb.com/title/tt34901083/ | https://www.bollywoodhungama.com/movie/mission-grey-house/box-office/,Partial - sourced update,
Sangee,2025,7.5,Comedy,Sumit Kulkarni,0.03,8,Sharib Hashmi,Vidya Malvade,Yantrana Films Armoks Films,https://en.wikipedia.org/wiki/Sangee_(2025_film) | https://www.imdb.com/title/tt33084735/ | https://www.bollywoodhungama.com/movie/sangee/box-office/,Partial - sourced update,
Hisaab Barabar,2025,5.8,,Ashwni Dhir,,20,R. Madhavan,Kirti Kulhari,Jio Studios SP Cinecorp,https://en.wikipedia.org/wiki/Hisaab_Barabar | https://www.imdb.com/title/tt27620861/,Partial,
Sky Force,2025,6.8,War Drama,Sandeep Kewlani Abhishek Anil Kapur,168.88,120,Akshay Kumar,Nimrat Kaur,Prime Focus Studios Jio Studios Maddock Films Leo Films,https://en.wikipedia.org/wiki/Sky_Force_(film) | https://www.imdb.com/title/tt27056066/,Complete,
Sweet Dreams,2025,5.6,Romantic Drama,Victor Mukherjee,,10,Amol Parashar,Mithila Palkar,Jio Studios Mango People Media,https://en.wikipedia.org/wiki/Sweet_Dreams_(2025_film) | https://www.imdb.com/title/tt35433415/,Partial,
The Storyteller,2025,6.9,,Ananth Mahadevan,,15,Paresh Rawal,,Jio Studios Purpose Entertainment Quest Films,https://en.wikipedia.org/wiki/The_Storyteller_(2025_film) | https://www.imdb.com/title/tt7782402/,Partial,
Deva,2025,6.6,Action Thriller,Rosshan Andrrews,51.73,75,Shahid Kapoor,Pooja Hegde,Zee Studios Roy Kapur Films,https://en.wikipedia.org/wiki/Deva_(2025_film) | https://www.imdb.com/title/tt27852049/,Complete,
Loveyapa,2025,5.2,Romantic Comedy,Advait Chandan,8.99,12,Junaid Khan,Khushi Kapoor,AGS Entertainment Phantom Studios,https://en.wikipedia.org/wiki/Loveyapa | https://www.imdb.com/title/tt25504468/,Complete,
Badass Ravi Kumar,2025,6.3,Action,Keith Gomes,9.66,35,Prabhu Deva,Kirti Kulhari,Himesh Reshammiya Melodies,https://en.wikipedia.org/wiki/Badass_Ravi_Kumar | https://www.imdb.com/title/tt23220552/,Partial,
Mrs.,2025,6.7,Drama,Arati Kadav,,15,Kanwaljit Singh,Sanya Malhotra,Jio Studios Baweja Studios,https://en.wikipedia.org/wiki/Mrs._(film) | https://www.imdb.com/title/tt27032419/,Partial,
The Mehta Boys,2025,7.1,Drama,Boman Irani,,20,Avinash Tiwary,,Irani Movietone Chalkboard Entertainment,https://en.wikipedia.org/wiki/The_Mehta_Boys | https://www.imdb.com/title/tt31897917/,Partial,
Bobby Aur Rishi Ki Love Story,2025,,Romantic Comedy,Kunal Kohli,,15,Vardhan Puri,,The Indian Scion Production The Production Headquarters,https://en.wikipedia.org/wiki/Bobby_Aur_Rishi_Ki_Love_Story,Partial,
Dhoom Dhaam,2025,6.4,Romantic Action Comedy,Rishab Seth,,18,Pratik Gandhi,,Jio Studios B62 Studios,https://en.wikipedia.org/wiki/Dhoom_Dhaam_(2025_film) | https://www.imdb.com/title/tt21194868/,Partial,
Mere Husband Ki Biwi,2025,4.2,Romantic Comedy,Mudassar Aziz,12.73,30,Arjun Kapoor,Bhumi Pednekar,Pooja Entertainment,https://en.wikipedia.org/wiki/Mere_Husband_Ki_Biwi | https://www.imdb.com/title/tt22457506/,Partial,
Kaushaljis vs Kaushal,2025,6.1,Family Drama,Seemaa Desai,,12,Ashutosh Rana,Sheeba Chaddha,Jio Studios Merry Go Round Studios Mumbai Talkeez,https://en.wikipedia.org/wiki/Kaushaljis_vs_Kaushal | https://www.imdb.com/title/tt26655658/,Partial,
Shaila,2025,,,,0.03,10,,,,https://en.wikipedia.org/wiki/List_of_Hindi_films_of_2025 | https://www.bollywoodhungama.com/movie/shaila/box-office/,Partial - sourced update,
Crazxy,2025,6.6,Thriller,Girish Kohli,11.09,15,,,Sohum Shah Films,https://en.wikipedia.org/wiki/Crazxy | https://www.imdb.com/title/tt30798612/,Partial,
Superboys of Malegaon,2025,7.7,,Reema Kagti,5.35,20,Adarsh Gourav,Riddhi Kumar,Excel Entertainment Tiger Baby Films,https://en.wikipedia.org/wiki/Superboys_of_Malegaon | https://www.imdb.com/title/tt28007064/,Partial,
Dil Dosti Aur Dogs,2025,5.9,Comedy‑Drama,Viral Shah,,8,Tinnu Anand,Neena Gupta,Jio Studios The Creative Tribe,https://en.wikipedia.org/wiki/Dil_Dosti_Aur_Dogs | https://www.imdb.com/title/tt16141930/,Partial,
Nadaaniyan,2025,3,Teen Romance Comedy,Shauna Gautam,,10,Ibrahim Ali Khan,Khushi Kapoor,Dharmatic Entertainment,https://en.wikipedia.org/wiki/Nadaaniyan | https://www.imdb.com/title/tt30422937/,Partial,
Riwaj,2025,,,,,6,,,,https://en.wikipedia.org/wiki/List_of_Hindi_films_of_2025,Manual Review,
The Diplomat,2025,7,Political,Shivam Nair,53.14,40,John Abraham,Sadia Khateeb,T-Series Films JA Entertainment Wakaoo Films Fortune Pictures,https://en.wikipedia.org/wiki/The_Diplomat_(2025_film) | https://www.imdb.com/title/tt26229612/,Complete,
My Melbourne,2025,6.3,,Onir Rima Das Imtiaz Ali Kabir Khan Arif Ali Rahul Vohra,,10,Arka Das,Arushi Sharma,Screen Australia VicScreen Mind Blowing Entertainment Mind Blowing World Soundfirm Post Production Anticlock Films Flying River Films Window Seat Films Kabir Khan Films,https://en.wikipedia.org/wiki/My_Melbourne | https://www.imdb.com/title/tt27722534/,Partial,
Be Happy,2025,6.4,Dance Drama,Remo D'Souza,,25,Abhishek Bachchan,Nora Fatehi,Remo D'Souza Entertainment,https://en.wikipedia.org/wiki/Be_Happy_(film) | https://www.imdb.com/title/tt6649234/,Partial,
Inn Galiyon Mein,2025,7.9,Romantic Drama,Avinash Das,0.07,8,Jaaved Jaaferi,,Yadunath Films Alcor Productions Pvt Ltd,https://en.wikipedia.org/wiki/Inn_Galiyon_Mein | https://www.imdb.com/title/tt32751390/ | https://www.bollywoodhungama.com/movie/inn-galiyon-mein/box-office/,Partial - sourced update,
Aachari Baa,2025,6,Family Drama,Hardik Gajjar,,6,Kabir Bedi,Neena Gupta,Jio Studios Hardik Gajjar Films Backbencher Pictures,https://en.wikipedia.org/wiki/Aachari_Baa | https://www.imdb.com/title/tt36129120/,Partial,
Baida,2025,4.7,Sci-Fi Supernatural Thriller,Puneet Sharma,0.07,10,Sourabh Raaj Jain,,,https://en.wikipedia.org/wiki/Baida_(film) | https://www.imdb.com/title/tt35217961/ | https://www.bollywoodhungama.com/movie/baida/box-office/,Partial - sourced update,
Tumko Meri Kasam,2025,6.4,Drama,Vikram Bhatt,0.5,12,Anupam Kher,Adah Sharma,Indira Entertainment,https://en.wikipedia.org/wiki/Tumko_Meri_Kasam | https://www.imdb.com/title/tt33097837/ | https://www.bollywoodhungama.com/movie/tumko-meri-kasam/box-office/,Partial - sourced update,
Pintu Ki Pappi,2025,5.3,Romantic Comedy,Shiv Hare,0.4,5,Vijay Raaz,Aditi Sanwal,V2S Productions and Entertainment,https://en.wikipedia.org/wiki/Pintu_Ki_Pappi | https://www.imdb.com/title/tt35162972/ | https://www.bollywoodhungama.com/movie/pintu-ki-pappi/box-office/,Partial - sourced update,
Jaat,2025,6,Action Thriller,Gopichand Malineni,120.6,100,Sunny Deol,Regena Cassandrra,Mythri Movie Makers Zee Studios People Media Factory,https://en.wikipedia.org/wiki/Jaat_(film) | https://www.imdb.com/title/tt32223398/,Complete,
Chhorii 2,2025,4.6,Horror,Vishal Furia,,25,Gashmeer Mahajani,Nushrratt Bharuccha,T-Series Films Abundantia Entertainment Pshych Film Tamarisk Lane,https://en.wikipedia.org/wiki/Chhorii_2 | https://www.imdb.com/title/tt16436848/,Partial,
Kesari Chapter 2,2025,7.9,Historical Courtroom Drama,Karan Singh Tyagi,142,80,Akshay Kumar,Ananya Panday,Dharma Productions Leo Media Collective Cape of Good Films,https://en.wikipedia.org/wiki/Kesari_Chapter_2 | https://www.imdb.com/title/tt3562110/,Complete,
Logout,2025,7.2,Cyber Thriller Drama,Amit Golani,,10,Babil Khan,Rasika Dugal,Viacom18 Studios Posham Pa Pictures,https://en.wikipedia.org/wiki/Logout_(film) | https://www.imdb.com/title/tt27721892/,Partial,
The Secret of Devkaali,2025,,,,0.25,15,,,,https://en.wikipedia.org/wiki/List_of_Hindi_films_of_2025 | https://www.bollywoodhungama.com/movie/the-secret-of-devkaali/box-office/,Partial - sourced update,
Ground Zero,2025,6.6,Action Thriller,Tejas Prabha Vijay Deoskar,10.35,35,Emraan Hashmi,Sai Tamhankar,Excel Entertainment Dreamzkrraft Entertainment Talisman Films,https://en.wikipedia.org/wiki/Ground_Zero_(2025_film) | https://www.imdb.com/title/tt28377588/,Partial,
Jewel Thief,2025,4.2,Heist Action Thriller,Kookie Gulati Robbie Grewal,1.75,50,Jaideep Ahlawat,Saif Ali Khan,Marflix Pictures,https://en.wikipedia.org/wiki/Jewel_Thief_(2025_film) | https://www.imdb.com/title/tt27843798/ | https://www.bollywoodhungama.com/movie/jewel-thief/box-office/,Partial - sourced update,
Phule,2025,8.1,Biographical,Anant Mahadevan,6.21,25,Pratik Gandhi,Patralekha,Dancing Shiva Films Kingsmen Productions,https://en.wikipedia.org/wiki/Phule_(film) | https://www.imdb.com/title/tt21108804/,Complete,
Oye Bhootni Ke,2025,,,,,8,,,,https://en.wikipedia.org/wiki/List_of_Hindi_films_of_2025,Manual Review,
The Bhootnii,2025,3.6,,Sidhaant Sachdev,6.1,10,Sunny Singh,Mouni Roy,Soham Rockstar Entertainment Three Dimension Motion Pictures,https://en.wikipedia.org/wiki/The_Bhootnii | https://www.imdb.com/title/tt27162102/ | https://www.bollywoodhungama.com/movie/the-bhootnii/box-office/,Partial - sourced update,
Costao,2025,6.3,Biographical Crime Drama,Sejal Shah,,12,Nawazuddin Siddiqui,Priya Bapat,Bhanushali Studios Bombay Fables Motion Pictures Side Hero Entertainment,https://en.wikipedia.org/wiki/Costao | https://www.imdb.com/title/tt13261550/,Partial,
The Networker,2025,8.1,Comedy,Vikas Kumar Vishwakarma,,8,Vikram Kochhar,Vindhya Tiwari,Gutargoo Entertainment Navritu Films,https://en.wikipedia.org/wiki/The_Networker | https://www.imdb.com/title/tt35484377/,Partial,
Romeo S3,2025,3.4,Action Thriller,Guddu Dhanoa,0.1,20,Thakur Anoop Singh,,Pen Studios Wild River Pictures,https://en.wikipedia.org/wiki/Romeo_S3 | https://www.imdb.com/title/tt36812950/ | https://www.bollywoodhungama.com/movie/romeo-s3/box-office/,Partial - sourced update,
Bhool Chuk Maaf,2025,5.8,Fantasy Romance Comedy,Karan Sharma,90.78,15,Rajkummar Rao,Wamiqa Gabbi,Amazon MGM Studios Maddock Films,https://en.wikipedia.org/wiki/Bhool_Chuk_Maaf | https://www.imdb.com/title/tt32058735/,Complete,
Kapkapiii,2025,5.9,Horror-Comedy,Sangeeth Sivan,0.97,10,Tusshar Kapoor,Siddhi Idnani,Bravo Entertainment,https://en.wikipedia.org/wiki/Kapkapiii | https://www.imdb.com/title/tt29625386/ | https://www.bollywoodhungama.com/movie/kapkapiii/box-office/,Partial - sourced update,
Pune Highway,2025,7.1,,Bugs Bhargava Krishna Rahul da Cunha,0.12,12,Amit Sadh,Manjari Fadnis,Drop D Films Ten Years Younger Productions,https://en.wikipedia.org/wiki/Pune_Highway | https://www.imdb.com/title/tt23752132/ | https://www.bollywoodhungama.com/movie/pune-highway/box-office/,Partial - sourced update,
Kesari Veer,2025,4.6,Historical Action,Prince Dhiman Kanubhai Chauhan,0.62,40,Suniel Shetty,Akanksha Sharma,Chauhan Studios,https://en.wikipedia.org/wiki/Kesari_Veer | https://www.imdb.com/title/tt32106176/ | https://www.bollywoodhungama.com/movie/kesari-veer/box-office/,Partial - sourced update,
Chidiya,2025,6.8,,Mehran Amrohi,0.04,8,Vinay Pathak,Amruta Subhash,Smiley Films Key Media Works,https://en.wikipedia.org/wiki/Chidiya_(film) | https://www.imdb.com/title/tt4826742/ | https://www.bollywoodhungama.com/movie/chidiya/box-office/,Partial - sourced update,
Interrogation,2025,6.9,Suspense Thriller,Ajoy Varma Raja,,10,Darshan Jariwala,,Aryan Brothers Entertainment Film Naam Mein Kya Rakha Hai Production,https://en.wikipedia.org/wiki/Interrogation_(2025_film) | https://www.imdb.com/title/tt33245951/,Partial,
Stolen,2025,7.5,,Karan Tejpal,,12,Abhishek Banerjee,,Jungle Book Studio,https://en.wikipedia.org/wiki/Stolen_(2025_film) | https://www.imdb.com/title/tt28494851/,Partial,
Detective Sherdil,2025,5.2,Mystery Comedy,Ravi Chhabriya,,30,Diljit Dosanjh,Diana Penty,Offside Entertainment Maurya Entertainment AAZ Films,https://en.wikipedia.org/wiki/Detective_Sherdil | https://www.imdb.com/title/tt28076316/,Partial,
Maa,2025,4.9,Mythological Horror,Vishal Furia,51.64,15,Ronit Roy,Kajol,Jio Studios Devgn Films Panorama Studios,https://en.wikipedia.org/wiki/Maa_(2025_film) | https://www.imdb.com/title/tt30496762/,Complete,
Well Done CA Sahab!,2025,6.5,Drama,Sarvesh Kumar Singh,,6,Gopal Datt,,Figures and Frames LLP,https://en.wikipedia.org/wiki/Well_Done_CA_Sahab%21 | https://www.imdb.com/title/tt35327667/,Partial,
Metro... In Dino,2025,6.5,Musical Romance Drama,Anurag Basu,54.35,45,Anupam Kher,Neena Gupta,T-Series Films Anurag Basu Productions,https://en.wikipedia.org/wiki/Metro..._In_Dino | https://www.imdb.com/title/tt24225606/ | https://www.bollywoodhungama.com/movie/metro-in-dino/box-office/,Partial - sourced update,
Kaalidhar Laapata,2025,7.6,Drama,Madhumita,,10,Abhishek Bachchan,Nimrat Kaur,Zee Studios Emmay Entertainment,https://en.wikipedia.org/wiki/Kaalidhar_Laapata | https://www.imdb.com/title/tt27866781/,Partial,
Akshardham: Operation Vajra Shakti,2025,,,,,50,,,,https://en.wikipedia.org/wiki/List_of_Hindi_films_of_2025,Manual Review,
Maalik,2025,5.6,Action Thriller,Pulkit,26.3,60,Rajkummar Rao,Manushi Chhillar,Tips Industries Northern Lights Films,https://en.wikipedia.org/wiki/Maalik_(2025_film) | https://www.imdb.com/title/tt32832266/,Partial,
Aankhon Ki Gustaakhiyan,2025,5.6,Romantic Drama,Santosh Singh,2.35,20,Vikrant Massey,,Zee Studios Mini Films Open Window Films,https://en.wikipedia.org/wiki/Aankhon_Ki_Gustaakhiyan | https://www.imdb.com/title/tt28812582/,Partial,
Aap Jaisa Koi,2025,5.8,Romantic Comedy Drama,Vivek Soni,,15,R. Madhavan,Fatima Sana Shaikh,Dharmatic Entertainment,https://en.wikipedia.org/wiki/Aap_Jaisa_Koi_(film) | https://www.imdb.com/title/tt33888131/,Partial,
Tanvi the Great,2025,6.8,,Anupam Kher,1.82,30,Aravind Swamy,Pallavi Joshi,Anupam Kher Studio NFDC,https://en.wikipedia.org/wiki/Tanvi_the_Great | https://www.imdb.com/title/tt31598703/ | https://www.bollywoodhungama.com/movie/tanvi-the-great/box-office/,Partial - sourced update,
Nikita Roy,2025,5.4,Mystery Horror,Kussh S. Sinha,1.28,15,Paresh Rawal,Sonakshi Sinha,Nicky Vicky Bhagnani Films Kratos Entertainment Nikita Pai Films LTD,https://en.wikipedia.org/wiki/Nikita_Roy | https://www.imdb.com/title/tt18939362/ | https://www.bollywoodhungama.com/movie/nikita-roy/box-office/,Partial - sourced update,
Murderbaad,2025,5.7,Romantic-Thriller,Arnab Chatterjee,0.05,8,Nakul Roshan Sahdev,Kanikka Kapur,ACJEE Entertainment,https://en.wikipedia.org/wiki/Murderbaad | https://www.imdb.com/title/tt37392885/ | https://www.bollywoodhungama.com/movie/murderbaad/box-office/,Partial - sourced update,
Sant Tukaram,2025,6.6,Biographical,Aditya Om,0.25,20,Subodh Bhave,Sheena Chohan,Curzon Films Puroshattam Studios,https://en.wikipedia.org/wiki/Sant_Tukaram_(2025_film) | https://www.imdb.com/title/tt26628867/,Partial,
So Long Valley,2025,7,Crime Thriller,Man Singh,0.02,10,Vikram Kochhar,Tridha Choudhury,Sourya Studios,https://en.wikipedia.org/wiki/So_Long_Valley | https://www.imdb.com/title/tt37403476/ | https://www.bollywoodhungama.com/movie/so-long-valley/box-office/,Partial - sourced update,
Sarzameen,2025,3.9,Action Thriller,Kayoze Irani,9,50,Ibrahim Ali Khan,Kajol,Star Studios Dharma Productions,https://en.wikipedia.org/wiki/Sarzameen | https://www.imdb.com/title/tt23865942/,Partial,
Rasa,2025,7.6,Hindi ‑Language Culinary Drama,Angith Jayaraj Preetish Jayaraj,0.09,12,Shishir Sharma,,Purnam Films Indian Summer Films Haroon Rashid Films Vidya Entertainment,https://en.wikipedia.org/wiki/Rasa_(2025_film) | https://www.imdb.com/title/tt37541417/ | https://www.bollywoodhungama.com/movie/rasa/box-office/,Partial - sourced update,
Dhadak 2,2025,,Romantic Drama,Shazia Iqbal,29,35,Siddhant Chaturvedi,Triptii Dimri,Zee Studios Dharma Productions Cloud 9 Pictures,https://en.wikipedia.org/wiki/Dhadak_2 | https://www.imdb.com/title/tt27540784/,Partial - sourced update,
Son of Sardaar 2,2025,4,Comedy,Vijay Kumar Arora,60.9,100,Ravi Kishan,Mrunal Thakur,Jio Studios Devgn Films YRV Studios,https://en.wikipedia.org/wiki/Son_of_Sardaar_2 | https://www.imdb.com/title/tt29429860/,Complete,
Andaaz 2,2025,3.4,Romantic Drama,Suneel Darshan,0.89,25,,,Shree Krishna International,https://en.wikipedia.org/wiki/Andaaz_2 | https://www.imdb.com/title/tt30224735/ | https://www.bollywoodhungama.com/movie/andaaz-2-2/box-office/,Partial - sourced update,
Udaipur Files,2025,6.3,Crime Thriller,Bharat S. Shrinate Jayant Sinha,0.63,15,Vijay Raaz,Preeti Jhangiani,Jani Firefox Films,https://en.wikipedia.org/wiki/Udaipur_Files | https://www.imdb.com/title/tt28630806/,Partial,
Ghich Pich,2025,8.9,Comedy-Drama,Ankur Singla,0.34,8,Nitesh Pandey,Geeta Agarwal Sharma,Barsaati Films,https://en.wikipedia.org/wiki/Ghich_Pich | https://www.imdb.com/title/tt36014845/ | https://www.bollywoodhungama.com/movie/ghich-pich/box-office/,Partial - sourced update,
Tehran,2025,5.7,Spy Action Thriller,Arun Gopalan,,45,John Abraham,Neeru Bajwa,Maddock Films Bake My Cake Films,https://en.wikipedia.org/wiki/Tehran_(2025_film) | https://www.imdb.com/title/tt21818782/,Partial,
Param Sundari,2025,5,Romantic Comedy,Tushar Jalota,85.83,30,Sidharth Malhotra,,Maddock Films,https://en.wikipedia.org/wiki/Param_Sundari_(film) | https://www.imdb.com/title/tt33996113/,Partial,
Songs of Paradise,2025,7,Biographical Musical Drama,Danish Renzu,,15,Zain Khan Durrani,Saba Azad,Excel Entertainment Apple Tree Pictures Renzu Films,https://en.wikipedia.org/wiki/Songs_of_Paradise | https://www.imdb.com/title/tt6540996/,Partial,
Baaghi 4,2025,2.5,Action Thriller,A. Harsha,66.39,110,Tiger Shroff,Harnaaz Sandhu,Nadiadwala Grandson Entertainment,https://en.wikipedia.org/wiki/Baaghi_4 | https://www.imdb.com/title/tt6203702/,Complete,
The Bengal Files,2025,6.9,Political Drama Propaganda,Vivek Agnihotri,16.19,20,Mithun Chakraborty,Simrat Kaur,Abhishek Agarwal Arts I Am Buddha Productions,https://en.wikipedia.org/wiki/The_Bengal_Files | https://www.imdb.com/title/tt15416342/,Complete,
Inspector Zende,2025,5.8,Comedy Thriller,Chinmay Mandlekar,,15,Manoj Bajpayee,,Northern Lights Films,https://en.wikipedia.org/wiki/Inspector_Zende | https://www.imdb.com/title/tt35076553/,Partial,
Ufff Yeh Siyapaa,2025,4.3,,G. Ashok,0.05,10,Sohum Shah,Nushrratt Bharuccha,Luv Films,https://en.wikipedia.org/wiki/Ufff_Yeh_Siyapaa | https://www.imdb.com/title/tt37867075/ | https://www.bollywoodhungama.com/movie/ufff-yeh-siyapaa/box-office/,Partial - sourced update,
Humans in the Loop,2025,7.3,,Aranya Sahay,0.03,8,,Sonal Madhushankar,Storiculture Museum of Imagined Futures SAUV Films,https://en.wikipedia.org/wiki/Humans_in_the_Loop_(film) | https://www.imdb.com/title/tt33581992/ | https://www.bollywoodhungama.com/movie/humans-in-the-loop/box-office/,Partial - sourced update,
Heer Express,2025,5.2,Drama,Umesh Shukla,9.42,12,Ashutosh Rana,Meghna Malik,Tulip Entertainment Divisa Entertainment Merry Go Round Studios Creative Strokes Group,https://en.wikipedia.org/wiki/Heer_Express | https://www.imdb.com/title/tt28754073/,Partial,
Love in Vietnam,2025,7.5,Vietnamese Romance Drama,Rahat Shah Kazmi,0.26,15,Shantanu Maheshwari,Avneet Kaur,Zee Studios Innovations India Blue Lotus Pictures Rahhat Shah Kazmi Films Zebaish Entertainment Tariq Khan Production Mango Tree Entertainmen AND Productions Samten Hills Dalat,https://en.wikipedia.org/wiki/Love_in_Vietnam | https://www.imdb.com/title/tt32447822/ | https://www.bollywoodhungama.com/movie/love-in-vietnam/box-office/,Partial - sourced update,
Ek Chatur Naar,2025,5.9,Black Comedy Thriller,Umesh Shukla,3.2,10,Neil Nitin Mukesh,Divya Khosla Kumar,Merry Go Round Studios,https://en.wikipedia.org/wiki/Ek_Chatur_Naar | https://www.imdb.com/title/tt37970307/,Partial,
Jugnuma: The Fable,2025,,,,0.51,12,,,,https://en.wikipedia.org/wiki/List_of_Hindi_films_of_2025,Manual Review,
Aabeer Gulaal,2025,4.6,Romantic Comedy,Aarti S. Bagdi,,25,Fawad Khan,,A Richer Lens Production Aarjay Pictures,https://en.wikipedia.org/wiki/Aabeer_Gulaal | https://www.imdb.com/title/tt32828077/,Partial,
Mannu Kya Karegga,2025,8.4,Hindi - Language Romance Drama,Ssanjay Tripaathy,3,10,Vinay Pathak,,Curious Eyes Cinema,https://en.wikipedia.org/wiki/Mannu_Kya_Karegga | https://www.imdb.com/title/tt34000241/ | https://www.bollywoodhungama.com/movie/mannu-kya-karegga/box-office/,Partial - sourced update,
Jolly LLB 3,2025,6.4,Legal Comedy Drama,Subhash Kapoor,166.06,75,Akshay Kumar,Amrita Rao,Star Studio18 Kangra Talkies,https://en.wikipedia.org/wiki/Jolly_LLB_3 | https://www.imdb.com/title/tt27996020/,Complete,
Nishaanchi,2025,6.7,Crime Drama,Anurag Kashyap,1,15,Kumud Mishra,Vedika Pinto,JAR Pictures Flip Films,https://en.wikipedia.org/wiki/Nishaanchi | https://www.imdb.com/title/tt34794166/,Partial,
Ajey: The Untold Story of a Yogi,2025,5.5,,Ravindra Gautam,1.4,20,Anant Joshi,,Samrat Cinematics,https://en.wikipedia.org/wiki/Ajey%3A_The_Untold_Story_of_a_Yogi | https://www.imdb.com/title/tt36376123/,Partial,
Homebound,2025,7.9,Drama,Neeraj Ghaywan,3,10,Ishaan Khatter,,Dharma Productions Toscan du Plantier,https://en.wikipedia.org/wiki/Homebound_(2025_film) | https://www.imdb.com/title/tt26733325/,Partial,
Tu Meri Poori Kahani,2025,6.1,Musical Romance Drama,Suhrita Das,0.08,12,Tigmanshu Dhulia,Juhi Babbar,Indira Entertainment LLP,https://en.wikipedia.org/wiki/Tu_Meri_Poori_Kahani | https://www.imdb.com/title/tt33097892/ | https://www.bollywoodhungama.com/movie/tu-meri-poori-kahani/box-office/,Partial - sourced update,
Sunny Sanskari Ki Tulsi Kumari,2025,5.1,Romantic Comedy,Shashank Khaitan,99.39,60,Varun Dhawan,Sanya Malhotra,Dharma Productions Mentor Disciple Entertainment,https://en.wikipedia.org/wiki/Sunny_Sanskari_Ki_Tulsi_Kumari | https://www.imdb.com/title/tt30742355/,Complete,
Lord Curzon Ki Haveli,2025,5.9,,Anshuman Jha,0.08,15,Arjun Mathur,Rasika Dugal,Golden Ratio Films First Ray Films Jetty Productions Adya Films,https://en.wikipedia.org/wiki/Lord_Curzon_Ki_Haveli | https://www.imdb.com/title/tt19223248/ | https://www.bollywoodhungama.com/movie/lord-curzon-ki-haveli/box-office/,Partial - sourced update,
Controll,2025,,Crime Thriller,Safdar Abbas,0.1,12,Thakur Anoop Singh,,Pen Studios Yashi Studios,https://en.wikipedia.org/wiki/Controll | https://www.imdb.com/title/tt38593969/ | https://www.bollywoodhungama.com/movie/controll/box-office/,Partial - sourced update,
Bhagwat: Chapter One – Raakshas,2025,6.8,Crime Thriller,Akshay Shere,,40,Arshad Warsi,,Jio Studios Baweja Studios Dog 'n' Bone Pictures,https://en.wikipedia.org/wiki/Bhagwat%3A_Chapter_One_%E2%80%93_Raakshas | https://www.imdb.com/title/tt38525492/,Partial,
Greater Kalesh,2025,5.1,Comedy Drama Short,Aditya Chandiok,,15,,Ahsaas Channa,Terribly Tiny Tales,https://en.wikipedia.org/wiki/Greater_Kalesh | https://www.imdb.com/title/tt38672425/,Partial,
WingMan (The Universal Irony of Love),2025,,,,,8,,,,https://en.wikipedia.org/wiki/List_of_Hindi_films_of_2025,Manual Review,
Ek Deewane Ki Deewaniyat,2025,4.6,Romantic Drama,Milap Zaveri,112.03,10,Harshvardhan Rane,Sonam Bajwa,Desi Movies Factory,https://en.wikipedia.org/wiki/Ek_Deewane_Ki_Deewaniyat | https://www.imdb.com/title/tt35727678/,Complete,
The Taj Story,2025,5.3,Courtroom Drama,Tushar Amrish Goel,19.71,25,Paresh Rawal,Amruta Khanvilkar,Swarnim Global Services Pvt. Ltd.,https://en.wikipedia.org/wiki/The_Taj_Story | https://www.imdb.com/title/tt32495339/ | https://www.bollywoodhungama.com/movie/the-taj-story/box-office/,Partial - sourced update,
Single Salma,2025,4.7,Romantic Comedy,Nachiket Samant,0.14,12,Sunny Singh,,Star Studio18 Elemen3 Entertainment,https://en.wikipedia.org/wiki/Single_Salma | https://www.imdb.com/title/tt27826850/ | https://www.bollywoodhungama.com/movie/single-salma/box-office/,Partial - sourced update,
Haq,2025,7.8,Courtroom Drama,Suparn Verma,28.68,15,Emraan Hashmi,Sheeba Chaddha,Junglee Pictures Insomnia Films Baweja Studios,https://en.wikipedia.org/wiki/Haq_(2025_film) | https://www.imdb.com/title/tt36642456/,Complete,
Jatadhara[β],2025,3.4,Horror Action Comedy,Venkat Kalyan Abhishek Jaiswal,1.35,40,Sudheer Babu,Sonakshi Sinha,Zee Studios Ess Kay Gee Entertainment Sudheer Babu Productions,https://en.wikipedia.org/wiki/Jatadhara | https://www.imdb.com/title/tt32813410/ | https://www.bollywoodhungama.com/movie/jatadhara/box-office/,Partial - sourced update,
Jassi Weds Jassi,2025,7,Comedy,Paran Bawa,0.35,10,Sikandar Kher,,Divinity Studios,https://en.wikipedia.org/wiki/Jassi_Weds_Jassi | https://www.imdb.com/title/tt37538305/ | https://www.bollywoodhungama.com/movie/jassi-weds-jassi/box-office/,Partial - sourced update,
Baramulla,2025,7,Supernatural Horror Thriller,Aditya Suhas Jambhale,,20,Manav Kaul,Bhasha Sumbli,Jio Studios B62 Studios,https://en.wikipedia.org/wiki/Baramulla_(film) | https://www.imdb.com/title/tt29247040/,Partial,
De De Pyaar De 2,2025,6.1,Romantic Comedy,Anshul Sharma,104.67,75,Ajay Devgn,Rakul Preet Singh,T-Series Films Luv Films,https://en.wikipedia.org/wiki/De_De_Pyaar_De_2 | https://www.imdb.com/title/tt28802657/,Complete,
Agra,2025,5.4,,Kanu Behl,0.07,8,Rahul Roy,Priyanka Bose,Saregama India Ltd UFO Production O28 Films,https://en.wikipedia.org/wiki/Agra_(2023_film) | https://www.imdb.com/title/tt11112532/ | https://www.bollywoodhungama.com/movie/agra/box-office/,Partial - sourced update,
2020 Delhi,2025,8.1,Feature,Devendra Malviya,0.15,10,Samar Jai Singh,,Midas Touch Films,https://en.wikipedia.org/wiki/2020_Delhi | https://www.imdb.com/title/tt35684482/ | https://www.bollywoodhungama.com/movie/2020-delhi/box-office/,Partial - sourced update,
Kaal Trighori,2025,6.5,Supernatural Horror Thriller,Nitin N. Vaidya,0.22,8,Arbaaz Khan,Rituparna Sengupta,Navin Productions LLP,https://en.wikipedia.org/wiki/Kaal_Trighori | https://www.imdb.com/title/tt18815884/ | https://www.bollywoodhungama.com/movie/kaal-trighori/box-office/,Partial - sourced update,
Nishaanchi 2,2025,,,,,15,,,,,Manual Review,
120 Bahadur,2025,7,Historical War,Razneesh 'Razy' Ghai,20,80,Farhan Akhtar,Raashii Khanna,Excel Entertainment Trigger Happy Studios,https://en.wikipedia.org/wiki/120_Bahadur | https://www.imdb.com/title/tt15911108/,Complete,
Mastiii 4,2025,2.3,Adult Comedy,Milap Zaveri,15.14,50,Riteish Deshmukh,,Balaji Motion Pictures Waveband Production Maruti International Sri Adhikari Brothers,https://en.wikipedia.org/wiki/Mastiii_4 | https://www.imdb.com/title/tt30818815/,Partial,
Tere Ishk Mein,2025,6.1,Romantic Drama,Aanand L. Rai,148.5,85,Dhanush,Kriti Sanon,Colour Yellow Productions T-Series Films,https://en.wikipedia.org/wiki/Tere_Ishk_Mein | https://www.imdb.com/title/tt28142095/,Complete,
Gustaakh Ishq,2025,7.1,Romantic Drama,Vibhu Puri,2.29,15,Naseeruddin Shah,Fatima Sana Shaikh,Stage5 Productions,https://en.wikipedia.org/wiki/Gustaakh_Ishq | https://www.imdb.com/title/tt30007502/,Partial,
Me No Pause Me Play,2025,,,,0.5,6,,,,https://en.wikipedia.org/wiki/List_of_Hindi_films_of_2025 | https://www.bollywoodhungama.com/movie/me-no-pause-me-play/box-office/,Partial - sourced update,
Kaisi Ye Paheli,2025,8.2,"Murder Mystery, Dark Comedy",Ananyabrata Chakravorty,0.08,8,,,,https://en.wikipedia.org/wiki/Kaisi_Ye_Paheli | https://www.imdb.com/title/tt31101929/ | https://www.bollywoodhungama.com/movie/kaisi-ye-paheli/box-office/,Partial - sourced update,
Kis Kisko Pyaar Karoon 2,2025,4.7,Comedy Drama,Anukalp Goswami,14.87,35,Kapil Sharma,Tridha Choudhury,Star Studio18 Venus Worldwide Entertainment Abbas Mustan Films Production,https://en.wikipedia.org/wiki/Kis_Kisko_Pyaar_Karoon_2 | https://www.imdb.com/title/tt33307516/,Complete,
Saali Mohabbat,2025,,,Tisca Chopra,,12,Divyendu Sharma,Radhika Apte,Jio Studios Stage5 Production,https://en.wikipedia.org/wiki/Saali_Mohabbat | https://www.imdb.com/title/tt34546776/,Partial,
The Great Shamsuddin Family,2025,7.4,,Anusha Rizvi,,10,Purab Kohli,Kritika Kamra,Star Studio18 Third World Films,https://en.wikipedia.org/wiki/The_Great_Shamsuddin_Family | https://www.imdb.com/title/tt7944312/,Partial,
Raat Akeli Hai: The Bansal Murders,2025,6.6,Crime Thriller,Honey Trehan,,20,Nawazuddin Siddiqui,Chitrangada Singh,RSVP Movies MacGuffin Pictures,https://en.wikipedia.org/wiki/Raat_Akeli_Hai%3A_The_Bansal_Murders | https://www.imdb.com/title/tt37443891/,Partial,
Durlabh Prasad Ki Dusri Shadi,2025,4.7,Romantic Comedy,Siddhant Raj Singh,0.23,8,Sanjay Mishra,Mahima Chaudhary,Eksha Entertainment,https://en.wikipedia.org/wiki/Durlabh_Prasad_Ki_Dusri_Shadi | https://www.imdb.com/title/tt31146564/,Partial,
Tu Meri Main Tera Main Tera Tu Meri,2025,4,Romantic Comedy,Sameer Vidwans,48.02,15,Kartik Aaryan,Ananya Panday,Dharma Productions Namah Pictures,https://en.wikipedia.org/wiki/Tu_Meri_Main_Tera_Main_Tera_Tu_Meri | https://www.imdb.com/title/tt35146696/,Complete,
